CASGEM ID,Local Well Number,Date,Military Time (PST),No Measurement,Questionable Measurement,Reading @RP,Reading @WS,RP to WS,RP Elevation,GS Elevation,WSE,GS to WS,Measurement Method,Measurement Accuracy,Collecting/ Co-op Agency,Voluntary or CASGEM Measurement,Comments,LosAngeles_04.21.2013-06.21.2013
340061N1179335W001,Tony Poli Well,5/1/2013,00:00,,,29.000,0.000,29.000,371.000,370.000,342.000,28.000,ES - Electric sounder measurement,0.1 Ft,Puente Basin Watermaster,CASGEM,,LosAngeles_04.21.2013-06.21.2013
340586N1177624W001,Well 28,5/13/2013,00:00,,,98.500,0.000,98.500,739.000,738.500,640.500,98.000,ES - Electric sounder measurement,1 Ft,Puente Basin Watermaster,CASGEM,,LosAngeles_04.21.2013-06.21.2013
340586N1177876W001,Well 19,5/13/2013,00:00,,,122.000,0.000,122.000,793.000,792.500,671.000,121.500,ES - Electric sounder measurement,Unknown,Puente Basin Watermaster,CASGEM,,LosAngeles_04.21.2013-06.21.2013
340614N1177864W001,Well 31,5/13/2013,00:00,,,125.900,0.000,125.900,796.000,795.500,670.100,125.400,ES - Electric sounder measurement,Unknown,Puente Basin Watermaster,CASGEM,,LosAngeles_04.21.2013-06.21.2013
340816N1177450W001,6BWM-12,4/21/2013,12:15,,,56.200,0.000,56.200,990.770,989.920,934.570,55.350,TR - Electronic pressure transducer,0.01 Ft,Six Basins Watermaster,CASGEM,,LosAngeles_04.21.2013-06.21.2013
340816N1177450W001,6BWM-12,4/21/2013,12:30,,,57.300,0.000,57.300,990.770,989.920,933.470,56.450,TR - Electronic pressure transducer,0.01 Ft,Six Basins Watermaster,CASGEM,,LosAngeles_04.21.2013-06.21.2013
340816N1177450W001,6BWM-12,4/21/2013,12:45,,,56.200,0.000,56.200,990.770,989.920,934.570,55.350,TR - Electronic pressure transducer,0.01 Ft,Six Basins Watermaster,CASGEM,,LosAngeles_04.21.2013-06.21.2013
340816N1177450W001,6BWM-12,4/21/2013,13:45,,,56.200,0.000,56.200,990.770,989.920,934.570,55.350,TR - Electronic pressure transducer,0.01 Ft,Six Basins Watermaster,CASGEM,,LosAngeles_04.21.2013-06.21.2013
340816N1177450W001,6BWM-12,4/21/2013,14:00,,,57.600,0.000,57.600,990.770,989.920,933.170,56.750,TR - Electronic pressure transducer,0.01 Ft,Six Basins Watermaster,CASGEM,,LosAngeles_04.21.2013-06.21.2013
340816N1177450W001,6BWM-12,4/21/2013,14:15,,,56.200,0.000,56.200,990.770,989.920,934.570,55.350,TR - Electronic pressure transducer,0.01 Ft,Six Basins Watermaster,CASGEM,,LosAngeles_04.21.2013-06.21.2013
340816N1177450W001,6BWM-12,4/22/2013,10:00,,,56.200,0.000,56.200,990.770,989.920,934.570,55.350,TR - Electronic pressure transducer,0.01 Ft,Six Basins Watermaster,CASGEM,,LosAngeles_04.21.2013-06.21.2013
340816N1177450W001,6BWM-12,4/22/2013,10:15,,,57.300,0.000,57.300,990.770,989.920,933.470,56.450,TR - Electronic pressure transducer,0.01 Ft,Six Basins Watermaster,CASGEM,,LosAngeles_04.21.2013-06.21.2013
340816N1177450W001,6BWM-12,4/22/2013,10:30,,,56.200,0.000,56.200,990.770,989.920,934.570,55.350,TR - Electronic pressure transducer,0.01 Ft,Six Basins Watermaster,CASGEM,,LosAngeles_04.21.2013-06.21.2013
340816N1177450W001,6BWM-12,4/22/2013,15:15,,,56.200,0.000,56.200,990.770,989.920,934.570,55.350,TR - Electronic pressure transducer,0.01 Ft,Six Basins Watermaster,CASGEM,,LosAngeles_04.21.2013-06.21.2013
340816N1177450W001,6BWM-12,4/22/2013,15:30,,,58.800,0.000,58.800,990.770,989.920,931.970,57.950,TR - Electronic pressure transducer,0.01 Ft,Six Basins Watermaster,CASGEM,,LosAngeles_04.21.2013-06.21.2013
340816N1177450W001,6BWM-12,4/22/2013,15:45,,,56.200,0.000,56.200,990.770,989.920,934.570,55.350,TR - Electronic pressure transducer,0.01 Ft,Six Basins Watermaster,CASGEM,,LosAngeles_04.21.2013-06.21.2013
340816N1177450W001,6BWM-12,4/22/2013,16:00,,,56.100,0.000,56.100,990.770,989.920,934.670,55.250,TR - Electronic pressure transducer,0.01 Ft,Six Basins Watermaster,CASGEM,,LosAngeles_04.21.2013-06.21.2013
340816N1177450W001,6BWM-12,4/23/2013,08:00,,,54.900,0.000,54.900,990.770,989.920,935.870,54.050,TR - Electronic pressure transducer,0.01 Ft,Six Basins Watermaster,CASGEM,,LosAngeles_04.21.2013-06.21.2013
340816N1177450W001,6BWM-12,4/23/2013,09:45,,,54.900,0.000,54.900,990.770,989.920,935.870,54.050,TR - Electronic pressure transducer,0.01 Ft,Six Basins Watermaster,CASGEM,,LosAngeles_04.21.2013-06.21.2013
340816N1177450W001,6BWM-12,4/23/2013,10:00,,,56.400,0.000,56.400,990.770,989.920,934.370,55.550,TR - Electronic pressure transducer,0.01 Ft,Six Basins Watermaster,CASGEM,,LosAngeles_04.21.2013-06.21.2013
340816N1177450W001,6BWM-12,4/23/2013,10:15,,,54.900,0.000,54.900,990.770,989.920,935.870,54.050,TR - Electronic pressure transducer,0.01 Ft,Six Basins Watermaster,CASGEM,,LosAngeles_04.21.2013-06.21.2013
340816N1177450W001,6BWM-12,4/23/2013,12:15,,,54.900,0.000,54.900,990.770,989.920,935.870,54.050,TR - Electronic pressure transducer,0.01 Ft,Six Basins Watermaster,CASGEM,,LosAngeles_04.21.2013-06.21.2013
340816N1177450W001,6BWM-12,4/23/2013,12:30,,,56.100,0.000,56.100,990.770,989.920,934.670,55.250,TR - Electronic pressure transducer,0.01 Ft,Six Basins Watermaster,CASGEM,,LosAngeles_04.21.2013-06.21.2013
340816N1177450W001,6BWM-12,4/23/2013,12:45,,,54.900,0.000,54.900,990.770,989.920,935.870,54.050,TR - Electronic pressure transducer,0.01 Ft,Six Basins Watermaster,CASGEM,,LosAngeles_04.21.2013-06.21.2013
340816N1177450W001,6BWM-12,4/23/2013,13:00,,,54.900,0.000,54.900,990.770,989.920,935.870,54.050,TR - Electronic pressure transducer,0.01 Ft,Six Basins Watermaster,CASGEM,,LosAngeles_04.21.2013-06.21.2013
340816N1177450W001,6BWM-12,4/23/2013,13:15,,,52.600,0.000,52.600,990.770,989.920,938.170,51.750,TR - Electronic pressure transducer,0.01 Ft,Six Basins Watermaster,CASGEM,,LosAngeles_04.21.2013-06.21.2013
340816N1177450W001,6BWM-12,4/23/2013,13:30,,,54.900,0.000,54.900,990.770,989.920,935.870,54.050,TR - Electronic pressure transducer,0.01 Ft,Six Basins Watermaster,CASGEM,,LosAngeles_04.21.2013-06.21.2013
340816N1177450W001,6BWM-12,4/24/2013,10:00,,,55.200,0.000,55.200,990.770,989.920,935.570,54.350,TR - Electronic pressure transducer,0.01 Ft,Six Basins Watermaster,CASGEM,,LosAngeles_04.21.2013-06.21.2013
340816N1177450W001,6BWM-12,4/24/2013,10:15,,,53.800,0.000,53.800,990.770,989.920,936.970,52.950,TR - Electronic pressure transducer,0.01 Ft,Six Basins Watermaster,CASGEM,,LosAngeles_04.21.2013-06.21.2013
340816N1177450W001,6BWM-12,4/24/2013,10:30,,,55.400,0.000,55.400,990.770,989.920,935.370,54.550,TR - Electronic pressure transducer,0.01 Ft,Six Basins Watermaster,CASGEM,,LosAngeles_04.21.2013-06.21.2013
340816N1177450W001,6BWM-12,4/25/2013,10:45,,,56.100,0.000,56.100,990.770,989.920,934.670,55.250,TR - Electronic pressure transducer,0.01 Ft,Six Basins Watermaster,CASGEM,,LosAngeles_04.21.2013-06.21.2013
340816N1177450W001,6BWM-12,4/25/2013,13:15,,,56.200,0.000,56.200,990.770,989.920,934.570,55.350,TR - Electronic pressure transducer,0.01 Ft,Six Basins Watermaster,CASGEM,,LosAngeles_04.21.2013-06.21.2013
340816N1177450W001,6BWM-12,4/25/2013,13:45,,,57.400,0.000,57.400,990.770,989.920,933.370,56.550,TR - Electronic pressure transducer,0.01 Ft,Six Basins Watermaster,CASGEM,,LosAngeles_04.21.2013-06.21.2013
340816N1177450W001,6BWM-12,4/25/2013,14:00,,,56.200,0.000,56.200,990.770,989.920,934.570,55.350,TR - Electronic pressure transducer,0.01 Ft,Six Basins Watermaster,CASGEM,,LosAngeles_04.21.2013-06.21.2013
340816N1177450W001,6BWM-12,4/26/2013,09:30,,,57.600,0.000,57.600,990.770,989.920,933.170,56.750,TR - Electronic pressure transducer,0.01 Ft,Six Basins Watermaster,CASGEM,,LosAngeles_04.21.2013-06.21.2013
340816N1177450W001,6BWM-12,4/26/2013,14:30,,,56.200,0.000,56.200,990.770,989.920,934.570,55.350,TR - Electronic pressure transducer,0.01 Ft,Six Basins Watermaster,CASGEM,,LosAngeles_04.21.2013-06.21.2013
340816N1177450W001,6BWM-12,4/27/2013,08:45,,,57.300,0.000,57.300,990.770,989.920,933.470,56.450,TR - Electronic pressure transducer,0.01 Ft,Six Basins Watermaster,CASGEM,,LosAngeles_04.21.2013-06.21.2013
340816N1177450W001,6BWM-12,4/27/2013,15:00,,,57.100,0.000,57.100,990.770,989.920,933.670,56.250,TR - Electronic pressure transducer,0.01 Ft,Six Basins Watermaster,CASGEM,,LosAngeles_04.21.2013-06.21.2013
340816N1177450W001,6BWM-12,4/27/2013,15:15,,,58.400,0.000,58.400,990.770,989.920,932.370,57.550,TR - Electronic pressure transducer,0.01 Ft,Six Basins Watermaster,CASGEM,,LosAngeles_04.21.2013-06.21.2013
340816N1177450W001,6BWM-12,4/27/2013,15:30,,,57.100,0.000,57.100,990.770,989.920,933.670,56.250,TR - Electronic pressure transducer,0.01 Ft,Six Basins Watermaster,CASGEM,,LosAngeles_04.21.2013-06.21.2013
340816N1177450W001,6BWM-12,4/27/2013,21:45,,,55.900,0.000,55.900,990.770,989.920,934.870,55.050,TR - Electronic pressure transducer,0.01 Ft,Six Basins Watermaster,CASGEM,,LosAngeles_04.21.2013-06.21.2013
340816N1177450W001,6BWM-12,4/28/2013,05:45,,,54.800,0.000,54.800,990.770,989.920,935.970,53.950,TR - Electronic pressure transducer,0.01 Ft,Six Basins Watermaster,CASGEM,,LosAngeles_04.21.2013-06.21.2013
340816N1177450W001,6BWM-12,4/28/2013,13:00,,,54.500,0.000,54.500,990.770,989.920,936.270,53.650,TR - Electronic pressure transducer,0.01 Ft,Six Basins Watermaster,CASGEM,,LosAngeles_04.21.2013-06.21.2013
340816N1177450W001,6BWM-12,4/28/2013,13:15,,,52.900,0.000,52.900,990.770,989.920,937.870,52.050,TR - Electronic pressure transducer,0.01 Ft,Six Basins Watermaster,CASGEM,,LosAngeles_04.21.2013-06.21.2013
340816N1177450W001,6BWM-12,4/28/2013,13:30,,,54.600,0.000,54.600,990.770,989.920,936.170,53.750,TR - Electronic pressure transducer,0.01 Ft,Six Basins Watermaster,CASGEM,,LosAngeles_04.21.2013-06.21.2013
340816N1177450W001,6BWM-12,4/29/2013,12:45,,,56.100,0.000,56.100,990.770,989.920,934.670,55.250,TR - Electronic pressure transducer,0.01 Ft,Six Basins Watermaster,CASGEM,,LosAngeles_04.21.2013-06.21.2013
340816N1177450W001,6BWM-12,4/30/2013,11:30,,,56.500,0.000,56.500,990.770,989.920,934.270,55.650,TR - Electronic pressure transducer,0.01 Ft,Six Basins Watermaster,CASGEM,,LosAngeles_04.21.2013-06.21.2013
340816N1177450W001,6BWM-12,4/30/2013,11:45,,,54.900,0.000,54.900,990.770,989.920,935.870,54.050,TR - Electronic pressure transducer,0.01 Ft,Six Basins Watermaster,CASGEM,,LosAngeles_04.21.2013-06.21.2013
340816N1177450W001,6BWM-12,4/30/2013,12:00,,,56.600,0.000,56.600,990.770,989.920,934.170,55.750,TR - Electronic pressure transducer,0.01 Ft,Six Basins Watermaster,CASGEM,,LosAngeles_04.21.2013-06.21.2013
340816N1177450W001,6BWM-12,4/30/2013,16:30,,,56.700,0.000,56.700,990.770,989.920,934.070,55.850,TR - Electronic pressure transducer,0.01 Ft,Six Basins Watermaster,CASGEM,,LosAngeles_04.21.2013-06.21.2013
340816N1177450W001,6BWM-12,4/30/2013,16:45,,,58.200,0.000,58.200,990.770,989.920,932.570,57.350,TR - Electronic pressure transducer,0.01 Ft,Six Basins Watermaster,CASGEM,,LosAngeles_04.21.2013-06.21.2013
340816N1177450W001,6BWM-12,4/30/2013,17:00,,,56.700,0.000,56.700,990.770,989.920,934.070,55.850,TR - Electronic pressure transducer,0.01 Ft,Six Basins Watermaster,CASGEM,,LosAngeles_04.21.2013-06.21.2013
341006N1177096W001,6BWM-11,4/21/2013,18:00,,,148.000,0.000,148.000,"1,215.130","1,226.510","1,067.130",159.380,TR - Electronic pressure transducer,0.01 Ft,Six Basins Watermaster,CASGEM,,LosAngeles_04.21.2013-06.21.2013
341006N1177096W001,6BWM-11,4/22/2013,18:15,,,148.200,0.000,148.200,"1,215.130","1,226.510","1,066.930",159.580,TR - Electronic pressure transducer,0.01 Ft,Six Basins Watermaster,CASGEM,,LosAngeles_04.21.2013-06.21.2013
341006N1177096W001,6BWM-11,4/23/2013,18:30,,,148.200,0.000,148.200,"1,215.130","1,226.510","1,066.930",159.580,TR - Electronic pressure transducer,0.01 Ft,Six Basins Watermaster,CASGEM,,LosAngeles_04.21.2013-06.21.2013
341006N1177096W001,6BWM-11,4/24/2013,18:45,,,148.100,0.000,148.100,"1,215.130","1,226.510","1,067.030",159.480,TR - Electronic pressure transducer,0.01 Ft,Six Basins Watermaster,CASGEM,,LosAngeles_04.21.2013-06.21.2013
341006N1177096W001,6BWM-11,4/25/2013,19:00,,,148.200,0.000,148.200,"1,215.130","1,226.510","1,066.930",159.580,TR - Electronic pressure transducer,0.01 Ft,Six Basins Watermaster,CASGEM,,LosAngeles_04.21.2013-06.21.2013
341006N1177096W001,6BWM-11,4/26/2013,19:15,,,148.200,0.000,148.200,"1,215.130","1,226.510","1,066.930",159.580,TR - Electronic pressure transducer,0.01 Ft,Six Basins Watermaster,CASGEM,,LosAngeles_04.21.2013-06.21.2013
341006N1177096W001,6BWM-11,4/27/2013,19:30,,,148.300,0.000,148.300,"1,215.130","1,226.510","1,066.830",159.680,TR - Electronic pressure transducer,0.01 Ft,Six Basins Watermaster,CASGEM,,LosAngeles_04.21.2013-06.21.2013
341006N1177096W001,6BWM-11,4/28/2013,19:45,,,148.300,0.000,148.300,"1,215.130","1,226.510","1,066.830",159.680,TR - Electronic pressure transducer,0.01 Ft,Six Basins Watermaster,CASGEM,,LosAngeles_04.21.2013-06.21.2013
341006N1177096W001,6BWM-11,4/29/2013,20:00,,,148.300,0.000,148.300,"1,215.130","1,226.510","1,066.830",159.680,TR - Electronic pressure transducer,0.01 Ft,Six Basins Watermaster,CASGEM,,LosAngeles_04.21.2013-06.21.2013
341006N1177096W001,6BWM-11,4/30/2013,20:15,,,148.300,0.000,148.300,"1,215.130","1,226.510","1,066.830",159.680,TR - Electronic pressure transducer,0.01 Ft,Six Basins Watermaster,CASGEM,,LosAngeles_04.21.2013-06.21.2013
341019N1177576W001,6BWM-9,4/21/2013,07:30,,,156.500,0.000,156.500,"1,092.720","1,091.920",936.220,155.700,TR - Electronic pressure transducer,0.01 Ft,Six Basins Watermaster,CASGEM,,LosAngeles_04.21.2013-06.21.2013
341019N1177576W001,6BWM-9,4/21/2013,07:45,,,155.800,0.000,155.800,"1,092.720","1,091.920",936.920,155.000,TR - Electronic pressure transducer,0.01 Ft,Six Basins Watermaster,CASGEM,,LosAngeles_04.21.2013-06.21.2013
341019N1177576W001,6BWM-9,4/22/2013,00:30,,,156.500,0.000,156.500,"1,092.720","1,091.920",936.220,155.700,TR - Electronic pressure transducer,0.01 Ft,Six Basins Watermaster,CASGEM,,LosAngeles_04.21.2013-06.21.2013
341019N1177576W001,6BWM-9,4/23/2013,00:45,,,156.300,0.000,156.300,"1,092.720","1,091.920",936.420,155.500,TR - Electronic pressure transducer,0.01 Ft,Six Basins Watermaster,CASGEM,,LosAngeles_04.21.2013-06.21.2013
341019N1177576W001,6BWM-9,4/24/2013,01:00,,,156.500,0.000,156.500,"1,092.720","1,091.920",936.220,155.700,TR - Electronic pressure transducer,0.01 Ft,Six Basins Watermaster,CASGEM,,LosAngeles_04.21.2013-06.21.2013
341019N1177576W001,6BWM-9,4/25/2013,01:15,,,156.000,0.000,156.000,"1,092.720","1,091.920",936.720,155.200,TR - Electronic pressure transducer,0.01 Ft,Six Basins Watermaster,CASGEM,,LosAngeles_04.21.2013-06.21.2013
341019N1177576W001,6BWM-9,4/25/2013,01:45,,,156.700,0.000,156.700,"1,092.720","1,091.920",936.020,155.900,TR - Electronic pressure transducer,0.01 Ft,Six Basins Watermaster,CASGEM,,LosAngeles_04.21.2013-06.21.2013
341019N1177576W001,6BWM-9,4/25/2013,02:00,,,156.100,0.000,156.100,"1,092.720","1,091.920",936.620,155.300,TR - Electronic pressure transducer,0.01 Ft,Six Basins Watermaster,CASGEM,,LosAngeles_04.21.2013-06.21.2013
341019N1177576W001,6BWM-9,4/25/2013,08:15,,,156.000,0.000,156.000,"1,092.720","1,091.920",936.720,155.200,TR - Electronic pressure transducer,0.01 Ft,Six Basins Watermaster,CASGEM,,LosAngeles_04.21.2013-06.21.2013
341019N1177576W001,6BWM-9,4/25/2013,08:45,,,156.800,0.000,156.800,"1,092.720","1,091.920",935.920,156.000,TR - Electronic pressure transducer,0.01 Ft,Six Basins Watermaster,CASGEM,,LosAngeles_04.21.2013-06.21.2013
341019N1177576W001,6BWM-9,4/25/2013,09:30,,,157.500,0.000,157.500,"1,092.720","1,091.920",935.220,156.700,TR - Electronic pressure transducer,0.01 Ft,Six Basins Watermaster,CASGEM,,LosAngeles_04.21.2013-06.21.2013
341019N1177576W001,6BWM-9,4/25/2013,10:15,,,158.300,0.000,158.300,"1,092.720","1,091.920",934.420,157.500,TR - Electronic pressure transducer,0.01 Ft,Six Basins Watermaster,CASGEM,,LosAngeles_04.21.2013-06.21.2013
341019N1177576W001,6BWM-9,4/25/2013,11:00,,,159.000,0.000,159.000,"1,092.720","1,091.920",933.720,158.200,TR - Electronic pressure transducer,0.01 Ft,Six Basins Watermaster,CASGEM,,LosAngeles_04.21.2013-06.21.2013
341019N1177576W001,6BWM-9,4/25/2013,11:15,,,157.100,0.000,157.100,"1,092.720","1,091.920",935.620,156.300,TR - Electronic pressure transducer,0.01 Ft,Six Basins Watermaster,CASGEM,,LosAngeles_04.21.2013-06.21.2013
341019N1177576W001,6BWM-9,4/25/2013,11:45,,,157.800,0.000,157.800,"1,092.720","1,091.920",934.920,157.000,TR - Electronic pressure transducer,0.01 Ft,Six Basins Watermaster,CASGEM,,LosAngeles_04.21.2013-06.21.2013
341019N1177576W001,6BWM-9,4/25/2013,12:15,,,158.500,0.000,158.500,"1,092.720","1,091.920",934.220,157.700,TR - Electronic pressure transducer,0.01 Ft,Six Basins Watermaster,CASGEM,,LosAngeles_04.21.2013-06.21.2013
341019N1177576W001,6BWM-9,4/25/2013,13:00,,,159.200,0.000,159.200,"1,092.720","1,091.920",933.520,158.400,TR - Electronic pressure transducer,0.01 Ft,Six Basins Watermaster,CASGEM,,LosAngeles_04.21.2013-06.21.2013
341019N1177576W001,6BWM-9,4/25/2013,13:15,,,157.200,0.000,157.200,"1,092.720","1,091.920",935.520,156.400,TR - Electronic pressure transducer,0.01 Ft,Six Basins Watermaster,CASGEM,,LosAngeles_04.21.2013-06.21.2013
341019N1177576W001,6BWM-9,4/26/2013,13:30,,,157.300,0.000,157.300,"1,092.720","1,091.920",935.420,156.500,TR - Electronic pressure transducer,0.01 Ft,Six Basins Watermaster,CASGEM,,LosAngeles_04.21.2013-06.21.2013
341019N1177576W001,6BWM-9,4/27/2013,01:15,,,157.800,0.000,157.800,"1,092.720","1,091.920",934.920,157.000,TR - Electronic pressure transducer,0.01 Ft,Six Basins Watermaster,CASGEM,,LosAngeles_04.21.2013-06.21.2013
341019N1177576W001,6BWM-9,4/27/2013,04:00,,,157.300,0.000,157.300,"1,092.720","1,091.920",935.420,156.500,TR - Electronic pressure transducer,0.01 Ft,Six Basins Watermaster,CASGEM,,LosAngeles_04.21.2013-06.21.2013
341019N1177576W001,6BWM-9,4/27/2013,04:30,,,156.600,0.000,156.600,"1,092.720","1,091.920",936.120,155.800,TR - Electronic pressure transducer,0.01 Ft,Six Basins Watermaster,CASGEM,,LosAngeles_04.21.2013-06.21.2013
341019N1177576W001,6BWM-9,4/27/2013,08:00,,,157.200,0.000,157.200,"1,092.720","1,091.920",935.520,156.400,TR - Electronic pressure transducer,0.01 Ft,Six Basins Watermaster,CASGEM,,LosAngeles_04.21.2013-06.21.2013
341019N1177576W001,6BWM-9,4/27/2013,14:30,,,157.800,0.000,157.800,"1,092.720","1,091.920",934.920,157.000,TR - Electronic pressure transducer,0.01 Ft,Six Basins Watermaster,CASGEM,,LosAngeles_04.21.2013-06.21.2013
341019N1177576W001,6BWM-9,4/28/2013,14:45,,,158.300,0.000,158.300,"1,092.720","1,091.920",934.420,157.500,TR - Electronic pressure transducer,0.01 Ft,Six Basins Watermaster,CASGEM,,LosAngeles_04.21.2013-06.21.2013
341019N1177576W001,6BWM-9,4/28/2013,18:45,,,157.700,0.000,157.700,"1,092.720","1,091.920",935.020,156.900,TR - Electronic pressure transducer,0.01 Ft,Six Basins Watermaster,CASGEM,,LosAngeles_04.21.2013-06.21.2013
341019N1177576W001,6BWM-9,4/29/2013,12:45,,,158.300,0.000,158.300,"1,092.720","1,091.920",934.420,157.500,TR - Electronic pressure transducer,0.01 Ft,Six Basins Watermaster,CASGEM,,LosAngeles_04.21.2013-06.21.2013
341019N1177576W001,6BWM-9,4/29/2013,21:00,,,157.700,0.000,157.700,"1,092.720","1,091.920",935.020,156.900,TR - Electronic pressure transducer,0.01 Ft,Six Basins Watermaster,CASGEM,,LosAngeles_04.21.2013-06.21.2013
341019N1177576W001,6BWM-9,4/30/2013,11:15,,,158.300,0.000,158.300,"1,092.720","1,091.920",934.420,157.500,TR - Electronic pressure transducer,0.01 Ft,Six Basins Watermaster,CASGEM,,LosAngeles_04.21.2013-06.21.2013
341019N1177576W001,6BWM-9,4/30/2013,23:30,,,158.000,0.000,158.000,"1,092.720","1,091.920",934.720,157.200,TR - Electronic pressure transducer,0.01 Ft,Six Basins Watermaster,CASGEM,,LosAngeles_04.21.2013-06.21.2013
341019N1177576W001,6BWM-9,4/21/2013,07:30,,,156.500,0.000,156.500,"1,092.720","1,091.920",936.220,155.700,TR - Electronic pressure transducer,0.01 Ft,Six Basins Watermaster,CASGEM,,LosAngeles_04.21.2013-06.21.2013
341019N1177576W001,6BWM-9,4/21/2013,07:45,,,155.800,0.000,155.800,"1,092.720","1,091.920",936.920,155.000,TR - Electronic pressure transducer,0.01 Ft,Six Basins Watermaster,CASGEM,,LosAngeles_04.21.2013-06.21.2013
341019N1177576W001,6BWM-9,4/22/2013,00:30,,,156.500,0.000,156.500,"1,092.720","1,091.920",936.220,155.700,TR - Electronic pressure transducer,0.01 Ft,Six Basins Watermaster,CASGEM,,LosAngeles_04.21.2013-06.21.2013
341019N1177576W001,6BWM-9,4/23/2013,00:45,,,156.300,0.000,156.300,"1,092.720","1,091.920",936.420,155.500,TR - Electronic pressure transducer,0.01 Ft,Six Basins Watermaster,CASGEM,,LosAngeles_04.21.2013-06.21.2013
341019N1177576W001,6BWM-9,4/24/2013,01:00,,,156.500,0.000,156.500,"1,092.720","1,091.920",936.220,155.700,TR - Electronic pressure transducer,0.01 Ft,Six Basins Watermaster,CASGEM,,LosAngeles_04.21.2013-06.21.2013
341019N1177576W001,6BWM-9,4/25/2013,01:15,,,156.000,0.000,156.000,"1,092.720","1,091.920",936.720,155.200,TR - Electronic pressure transducer,0.01 Ft,Six Basins Watermaster,CASGEM,,LosAngeles_04.21.2013-06.21.2013
341019N1177576W001,6BWM-9,4/25/2013,01:45,,,156.700,0.000,156.700,"1,092.720","1,091.920",936.020,155.900,TR - Electronic pressure transducer,0.01 Ft,Six Basins Watermaster,CASGEM,,LosAngeles_04.21.2013-06.21.2013
341019N1177576W001,6BWM-9,4/25/2013,02:00,,,156.100,0.000,156.100,"1,092.720","1,091.920",936.620,155.300,TR - Electronic pressure transducer,0.01 Ft,Six Basins Watermaster,CASGEM,,LosAngeles_04.21.2013-06.21.2013
341019N1177576W001,6BWM-9,4/25/2013,08:15,,,156.000,0.000,156.000,"1,092.720","1,091.920",936.720,155.200,TR - Electronic pressure transducer,0.01 Ft,Six Basins Watermaster,CASGEM,,LosAngeles_04.21.2013-06.21.2013
341019N1177576W001,6BWM-9,4/25/2013,08:45,,,156.800,0.000,156.800,"1,092.720","1,091.920",935.920,156.000,TR - Electronic pressure transducer,0.01 Ft,Six Basins Watermaster,CASGEM,,LosAngeles_04.21.2013-06.21.2013
341019N1177576W001,6BWM-9,4/25/2013,09:30,,,157.500,0.000,157.500,"1,092.720","1,091.920",935.220,156.700,TR - Electronic pressure transducer,0.01 Ft,Six Basins Watermaster,CASGEM,,LosAngeles_04.21.2013-06.21.2013
341019N1177576W001,6BWM-9,4/25/2013,10:15,,,158.300,0.000,158.300,"1,092.720","1,091.920",934.420,157.500,TR - Electronic pressure transducer,0.01 Ft,Six Basins Watermaster,CASGEM,,LosAngeles_04.21.2013-06.21.2013
341019N1177576W001,6BWM-9,4/25/2013,11:00,,,159.000,0.000,159.000,"1,092.720","1,091.920",933.720,158.200,TR - Electronic pressure transducer,0.01 Ft,Six Basins Watermaster,CASGEM,,LosAngeles_04.21.2013-06.21.2013
341019N1177576W001,6BWM-9,4/25/2013,11:15,,,157.100,0.000,157.100,"1,092.720","1,091.920",935.620,156.300,TR - Electronic pressure transducer,0.01 Ft,Six Basins Watermaster,CASGEM,,LosAngeles_04.21.2013-06.21.2013
341019N1177576W001,6BWM-9,4/25/2013,11:45,,,157.800,0.000,157.800,"1,092.720","1,091.920",934.920,157.000,TR - Electronic pressure transducer,0.01 Ft,Six Basins Watermaster,CASGEM,,LosAngeles_04.21.2013-06.21.2013
341019N1177576W001,6BWM-9,4/25/2013,12:15,,,158.500,0.000,158.500,"1,092.720","1,091.920",934.220,157.700,TR - Electronic pressure transducer,0.01 Ft,Six Basins Watermaster,CASGEM,,LosAngeles_04.21.2013-06.21.2013
341019N1177576W001,6BWM-9,4/25/2013,13:00,,,159.200,0.000,159.200,"1,092.720","1,091.920",933.520,158.400,TR - Electronic pressure transducer,0.01 Ft,Six Basins Watermaster,CASGEM,,LosAngeles_04.21.2013-06.21.2013
341019N1177576W001,6BWM-9,4/25/2013,13:15,,,157.200,0.000,157.200,"1,092.720","1,091.920",935.520,156.400,TR - Electronic pressure transducer,0.01 Ft,Six Basins Watermaster,CASGEM,,LosAngeles_04.21.2013-06.21.2013
341019N1177576W001,6BWM-9,4/26/2013,13:30,,,157.300,0.000,157.300,"1,092.720","1,091.920",935.420,156.500,TR - Electronic pressure transducer,0.01 Ft,Six Basins Watermaster,CASGEM,,LosAngeles_04.21.2013-06.21.2013
341019N1177576W001,6BWM-9,4/27/2013,01:15,,,157.800,0.000,157.800,"1,092.720","1,091.920",934.920,157.000,TR - Electronic pressure transducer,0.01 Ft,Six Basins Watermaster,CASGEM,,LosAngeles_04.21.2013-06.21.2013
341019N1177576W001,6BWM-9,4/27/2013,04:00,,,157.300,0.000,157.300,"1,092.720","1,091.920",935.420,156.500,TR - Electronic pressure transducer,0.01 Ft,Six Basins Watermaster,CASGEM,,LosAngeles_04.21.2013-06.21.2013
341019N1177576W001,6BWM-9,4/27/2013,04:30,,,156.600,0.000,156.600,"1,092.720","1,091.920",936.120,155.800,TR - Electronic pressure transducer,0.01 Ft,Six Basins Watermaster,CASGEM,,LosAngeles_04.21.2013-06.21.2013
341019N1177576W001,6BWM-9,4/27/2013,08:00,,,157.200,0.000,157.200,"1,092.720","1,091.920",935.520,156.400,TR - Electronic pressure transducer,0.01 Ft,Six Basins Watermaster,CASGEM,,LosAngeles_04.21.2013-06.21.2013
341019N1177576W001,6BWM-9,4/27/2013,14:30,,,157.800,0.000,157.800,"1,092.720","1,091.920",934.920,157.000,TR - Electronic pressure transducer,0.01 Ft,Six Basins Watermaster,CASGEM,,LosAngeles_04.21.2013-06.21.2013
341019N1177576W001,6BWM-9,4/28/2013,14:45,,,158.300,0.000,158.300,"1,092.720","1,091.920",934.420,157.500,TR - Electronic pressure transducer,0.01 Ft,Six Basins Watermaster,CASGEM,,LosAngeles_04.21.2013-06.21.2013
341019N1177576W001,6BWM-9,4/28/2013,18:45,,,157.700,0.000,157.700,"1,092.720","1,091.920",935.020,156.900,TR - Electronic pressure transducer,0.01 Ft,Six Basins Watermaster,CASGEM,,LosAngeles_04.21.2013-06.21.2013
341019N1177576W001,6BWM-9,4/29/2013,12:45,,,158.300,0.000,158.300,"1,092.720","1,091.920",934.420,157.500,TR - Electronic pressure transducer,0.01 Ft,Six Basins Watermaster,CASGEM,,LosAngeles_04.21.2013-06.21.2013
341019N1177576W001,6BWM-9,4/29/2013,21:00,,,157.700,0.000,157.700,"1,092.720","1,091.920",935.020,156.900,TR - Electronic pressure transducer,0.01 Ft,Six Basins Watermaster,CASGEM,,LosAngeles_04.21.2013-06.21.2013
341019N1177576W001,6BWM-9,4/30/2013,11:15,,,158.300,0.000,158.300,"1,092.720","1,091.920",934.420,157.500,TR - Electronic pressure transducer,0.01 Ft,Six Basins Watermaster,CASGEM,,LosAngeles_04.21.2013-06.21.2013
341019N1177576W001,6BWM-9,4/30/2013,23:30,,,158.000,0.000,158.000,"1,092.720","1,091.920",934.720,157.200,TR - Electronic pressure transducer,0.01 Ft,Six Basins Watermaster,CASGEM,,LosAngeles_04.21.2013-06.21.2013
341034N1177713W001,6BWM-8,4/21/2013,12:47,,,62.100,0.000,62.100,"1,054.700","1,053.700",992.600,61.100,ES - Electric sounder measurement,0.01 Ft,Six Basins Watermaster,CASGEM,,LosAngeles_04.21.2013-06.21.2013
341039N1177292W001,6BWM-10,4/21/2013,12:15,,,125.800,0.000,125.800,"1,198.720","1,205.020","1,072.920",132.100,TR - Electronic pressure transducer,0.01 Ft,Six Basins Watermaster,CASGEM,,LosAngeles_04.21.2013-06.21.2013
341039N1177292W001,6BWM-10,4/22/2013,09:45,,,127.200,0.000,127.200,"1,198.720","1,205.020","1,071.520",133.500,TR - Electronic pressure transducer,0.01 Ft,Six Basins Watermaster,CASGEM,,LosAngeles_04.21.2013-06.21.2013
341039N1177292W001,6BWM-10,4/22/2013,10:15,,,126.000,0.000,126.000,"1,198.720","1,205.020","1,072.720",132.300,TR - Electronic pressure transducer,0.01 Ft,Six Basins Watermaster,CASGEM,,LosAngeles_04.21.2013-06.21.2013
341039N1177292W001,6BWM-10,4/22/2013,11:45,,,126.300,0.000,126.300,"1,198.720","1,205.020","1,072.420",132.600,TR - Electronic pressure transducer,0.01 Ft,Six Basins Watermaster,CASGEM,,LosAngeles_04.21.2013-06.21.2013
341039N1177292W001,6BWM-10,4/22/2013,12:00,,,126.000,0.000,126.000,"1,198.720","1,205.020","1,072.720",132.300,TR - Electronic pressure transducer,0.01 Ft,Six Basins Watermaster,CASGEM,,LosAngeles_04.21.2013-06.21.2013
341039N1177292W001,6BWM-10,4/22/2013,12:15,,,122.900,0.000,122.900,"1,198.720","1,205.020","1,075.820",129.200,TR - Electronic pressure transducer,0.01 Ft,Six Basins Watermaster,CASGEM,,LosAngeles_04.21.2013-06.21.2013
341039N1177292W001,6BWM-10,4/22/2013,12:30,,,126.100,0.000,126.100,"1,198.720","1,205.020","1,072.620",132.400,TR - Electronic pressure transducer,0.01 Ft,Six Basins Watermaster,CASGEM,,LosAngeles_04.21.2013-06.21.2013
341039N1177292W001,6BWM-10,4/23/2013,09:45,,,126.100,0.000,126.100,"1,198.720","1,205.020","1,072.620",132.400,TR - Electronic pressure transducer,0.01 Ft,Six Basins Watermaster,CASGEM,,LosAngeles_04.21.2013-06.21.2013
341039N1177292W001,6BWM-10,4/23/2013,10:00,,,125.500,0.000,125.500,"1,198.720","1,205.020","1,073.220",131.800,TR - Electronic pressure transducer,0.01 Ft,Six Basins Watermaster,CASGEM,,LosAngeles_04.21.2013-06.21.2013
341039N1177292W001,6BWM-10,4/23/2013,10:15,,,123.300,0.000,123.300,"1,198.720","1,205.020","1,075.420",129.600,TR - Electronic pressure transducer,0.01 Ft,Six Basins Watermaster,CASGEM,,LosAngeles_04.21.2013-06.21.2013
341039N1177292W001,6BWM-10,4/23/2013,10:30,,,126.000,0.000,126.000,"1,198.720","1,205.020","1,072.720",132.300,TR - Electronic pressure transducer,0.01 Ft,Six Basins Watermaster,CASGEM,,LosAngeles_04.21.2013-06.21.2013
341039N1177292W001,6BWM-10,4/23/2013,11:00,,,126.100,0.000,126.100,"1,198.720","1,205.020","1,072.620",132.400,TR - Electronic pressure transducer,0.01 Ft,Six Basins Watermaster,CASGEM,,LosAngeles_04.21.2013-06.21.2013
341039N1177292W001,6BWM-10,4/23/2013,11:15,,,122.900,0.000,122.900,"1,198.720","1,205.020","1,075.820",129.200,TR - Electronic pressure transducer,0.01 Ft,Six Basins Watermaster,CASGEM,,LosAngeles_04.21.2013-06.21.2013
341039N1177292W001,6BWM-10,4/23/2013,11:30,,,124.400,0.000,124.400,"1,198.720","1,205.020","1,074.320",130.700,TR - Electronic pressure transducer,0.01 Ft,Six Basins Watermaster,CASGEM,,LosAngeles_04.21.2013-06.21.2013
341039N1177292W001,6BWM-10,4/23/2013,11:45,,,125.900,0.000,125.900,"1,198.720","1,205.020","1,072.820",132.200,TR - Electronic pressure transducer,0.01 Ft,Six Basins Watermaster,CASGEM,,LosAngeles_04.21.2013-06.21.2013
341039N1177292W001,6BWM-10,4/23/2013,12:15,,,126.300,0.000,126.300,"1,198.720","1,205.020","1,072.420",132.600,TR - Electronic pressure transducer,0.01 Ft,Six Basins Watermaster,CASGEM,,LosAngeles_04.21.2013-06.21.2013
341039N1177292W001,6BWM-10,4/24/2013,12:30,,,125.900,0.000,125.900,"1,198.720","1,205.020","1,072.820",132.200,TR - Electronic pressure transducer,0.01 Ft,Six Basins Watermaster,CASGEM,,LosAngeles_04.21.2013-06.21.2013
341039N1177292W001,6BWM-10,4/25/2013,12:45,,,126.200,0.000,126.200,"1,198.720","1,205.020","1,072.520",132.500,TR - Electronic pressure transducer,0.01 Ft,Six Basins Watermaster,CASGEM,,LosAngeles_04.21.2013-06.21.2013
341039N1177292W001,6BWM-10,4/25/2013,16:30,,,126.500,0.000,126.500,"1,198.720","1,205.020","1,072.220",132.800,TR - Electronic pressure transducer,0.01 Ft,Six Basins Watermaster,CASGEM,,LosAngeles_04.21.2013-06.21.2013
341039N1177292W001,6BWM-10,4/25/2013,16:45,,,125.100,0.000,125.100,"1,198.720","1,205.020","1,073.620",131.400,TR - Electronic pressure transducer,0.01 Ft,Six Basins Watermaster,CASGEM,,LosAngeles_04.21.2013-06.21.2013
341039N1177292W001,6BWM-10,4/25/2013,17:00,,,126.300,0.000,126.300,"1,198.720","1,205.020","1,072.420",132.600,TR - Electronic pressure transducer,0.01 Ft,Six Basins Watermaster,CASGEM,,LosAngeles_04.21.2013-06.21.2013
341039N1177292W001,6BWM-10,4/25/2013,17:15,,,126.400,0.000,126.400,"1,198.720","1,205.020","1,072.320",132.700,TR - Electronic pressure transducer,0.01 Ft,Six Basins Watermaster,CASGEM,,LosAngeles_04.21.2013-06.21.2013
341039N1177292W001,6BWM-10,4/26/2013,11:15,,,126.100,0.000,126.100,"1,198.720","1,205.020","1,072.620",132.400,TR - Electronic pressure transducer,0.01 Ft,Six Basins Watermaster,CASGEM,,LosAngeles_04.21.2013-06.21.2013
341039N1177292W001,6BWM-10,4/26/2013,11:30,,,127.800,0.000,127.800,"1,198.720","1,205.020","1,070.920",134.100,TR - Electronic pressure transducer,0.01 Ft,Six Basins Watermaster,CASGEM,,LosAngeles_04.21.2013-06.21.2013
341039N1177292W001,6BWM-10,4/26/2013,11:45,,,126.500,0.000,126.500,"1,198.720","1,205.020","1,072.220",132.800,TR - Electronic pressure transducer,0.01 Ft,Six Basins Watermaster,CASGEM,,LosAngeles_04.21.2013-06.21.2013
341039N1177292W001,6BWM-10,4/26/2013,12:30,,,126.400,0.000,126.400,"1,198.720","1,205.020","1,072.320",132.700,TR - Electronic pressure transducer,0.01 Ft,Six Basins Watermaster,CASGEM,,LosAngeles_04.21.2013-06.21.2013
341039N1177292W001,6BWM-10,4/26/2013,12:45,,,124.800,0.000,124.800,"1,198.720","1,205.020","1,073.920",131.100,TR - Electronic pressure transducer,0.01 Ft,Six Basins Watermaster,CASGEM,,LosAngeles_04.21.2013-06.21.2013
341039N1177292W001,6BWM-10,4/26/2013,13:00,,,126.400,0.000,126.400,"1,198.720","1,205.020","1,072.320",132.700,TR - Electronic pressure transducer,0.01 Ft,Six Basins Watermaster,CASGEM,,LosAngeles_04.21.2013-06.21.2013
341039N1177292W001,6BWM-10,4/26/2013,13:45,,,127.900,0.000,127.900,"1,198.720","1,205.020","1,070.820",134.200,TR - Electronic pressure transducer,0.01 Ft,Six Basins Watermaster,CASGEM,,LosAngeles_04.21.2013-06.21.2013
341039N1177292W001,6BWM-10,4/26/2013,14:00,,,126.200,0.000,126.200,"1,198.720","1,205.020","1,072.520",132.500,TR - Electronic pressure transducer,0.01 Ft,Six Basins Watermaster,CASGEM,,LosAngeles_04.21.2013-06.21.2013
341039N1177292W001,6BWM-10,4/27/2013,11:00,,,127.500,0.000,127.500,"1,198.720","1,205.020","1,071.220",133.800,TR - Electronic pressure transducer,0.01 Ft,Six Basins Watermaster,CASGEM,,LosAngeles_04.21.2013-06.21.2013
341039N1177292W001,6BWM-10,4/27/2013,11:15,,,126.400,0.000,126.400,"1,198.720","1,205.020","1,072.320",132.700,TR - Electronic pressure transducer,0.01 Ft,Six Basins Watermaster,CASGEM,,LosAngeles_04.21.2013-06.21.2013
341039N1177292W001,6BWM-10,4/28/2013,09:30,,,126.300,0.000,126.300,"1,198.720","1,205.020","1,072.420",132.600,TR - Electronic pressure transducer,0.01 Ft,Six Basins Watermaster,CASGEM,,LosAngeles_04.21.2013-06.21.2013
341039N1177292W001,6BWM-10,4/28/2013,10:00,,,128.200,0.000,128.200,"1,198.720","1,205.020","1,070.520",134.500,TR - Electronic pressure transducer,0.01 Ft,Six Basins Watermaster,CASGEM,,LosAngeles_04.21.2013-06.21.2013
341039N1177292W001,6BWM-10,4/28/2013,10:15,,,126.200,0.000,126.200,"1,198.720","1,205.020","1,072.520",132.500,TR - Electronic pressure transducer,0.01 Ft,Six Basins Watermaster,CASGEM,,LosAngeles_04.21.2013-06.21.2013
341039N1177292W001,6BWM-10,4/28/2013,10:45,,,126.400,0.000,126.400,"1,198.720","1,205.020","1,072.320",132.700,TR - Electronic pressure transducer,0.01 Ft,Six Basins Watermaster,CASGEM,,LosAngeles_04.21.2013-06.21.2013
341039N1177292W001,6BWM-10,4/28/2013,11:30,,,127.700,0.000,127.700,"1,198.720","1,205.020","1,071.020",134.000,TR - Electronic pressure transducer,0.01 Ft,Six Basins Watermaster,CASGEM,,LosAngeles_04.21.2013-06.21.2013
341039N1177292W001,6BWM-10,4/28/2013,11:45,,,126.600,0.000,126.600,"1,198.720","1,205.020","1,072.120",132.900,TR - Electronic pressure transducer,0.01 Ft,Six Basins Watermaster,CASGEM,,LosAngeles_04.21.2013-06.21.2013
341039N1177292W001,6BWM-10,4/28/2013,12:00,,,126.400,0.000,126.400,"1,198.720","1,205.020","1,072.320",132.700,TR - Electronic pressure transducer,0.01 Ft,Six Basins Watermaster,CASGEM,,LosAngeles_04.21.2013-06.21.2013
341039N1177292W001,6BWM-10,4/29/2013,11:00,,,126.300,0.000,126.300,"1,198.720","1,205.020","1,072.420",132.600,TR - Electronic pressure transducer,0.01 Ft,Six Basins Watermaster,CASGEM,,LosAngeles_04.21.2013-06.21.2013
341039N1177292W001,6BWM-10,4/29/2013,11:15,,,123.100,0.000,123.100,"1,198.720","1,205.020","1,075.620",129.400,TR - Electronic pressure transducer,0.01 Ft,Six Basins Watermaster,CASGEM,,LosAngeles_04.21.2013-06.21.2013
341039N1177292W001,6BWM-10,4/29/2013,11:30,,,126.300,0.000,126.300,"1,198.720","1,205.020","1,072.420",132.600,TR - Electronic pressure transducer,0.01 Ft,Six Basins Watermaster,CASGEM,,LosAngeles_04.21.2013-06.21.2013
341039N1177292W001,6BWM-10,4/30/2013,11:45,,,126.300,0.000,126.300,"1,198.720","1,205.020","1,072.420",132.600,TR - Electronic pressure transducer,0.01 Ft,Six Basins Watermaster,CASGEM,,LosAngeles_04.21.2013-06.21.2013
341039N1177292W001,6BWM-10,4/30/2013,12:45,,,126.100,0.000,126.100,"1,198.720","1,205.020","1,072.620",132.400,TR - Electronic pressure transducer,0.01 Ft,Six Basins Watermaster,CASGEM,,LosAngeles_04.21.2013-06.21.2013
341039N1177292W001,6BWM-10,4/30/2013,13:15,,,127.900,0.000,127.900,"1,198.720","1,205.020","1,070.820",134.200,TR - Electronic pressure transducer,0.01 Ft,Six Basins Watermaster,CASGEM,,LosAngeles_04.21.2013-06.21.2013
341039N1177292W001,6BWM-10,4/30/2013,13:30,,,125.800,0.000,125.800,"1,198.720","1,205.020","1,072.920",132.100,TR - Electronic pressure transducer,0.01 Ft,Six Basins Watermaster,CASGEM,,LosAngeles_04.21.2013-06.21.2013
341039N1177292W001,6BWM-10,4/30/2013,23:30,,,126.300,0.000,126.300,"1,198.720","1,205.020","1,072.420",132.600,TR - Electronic pressure transducer,0.01 Ft,Six Basins Watermaster,CASGEM,,LosAngeles_04.21.2013-06.21.2013
341150N1177115W001,6BWM-7,4/21/2013,10:00,,,125.000,0.000,125.000,"1,381.250","1,379.800","1,256.250",123.550,TR - Electronic pressure transducer,0.01 Ft,Six Basins Watermaster,CASGEM,,LosAngeles_04.21.2013-06.21.2013
341150N1177115W001,6BWM-7,4/21/2013,10:15,,,124.400,0.000,124.400,"1,381.250","1,379.800","1,256.850",122.950,TR - Electronic pressure transducer,0.01 Ft,Six Basins Watermaster,CASGEM,,LosAngeles_04.21.2013-06.21.2013
341150N1177115W001,6BWM-7,4/21/2013,12:00,,,124.200,0.000,124.200,"1,381.250","1,379.800","1,257.050",122.750,TR - Electronic pressure transducer,0.01 Ft,Six Basins Watermaster,CASGEM,,LosAngeles_04.21.2013-06.21.2013
341150N1177115W001,6BWM-7,4/21/2013,12:15,,,122.900,0.000,122.900,"1,381.250","1,379.800","1,258.350",121.450,TR - Electronic pressure transducer,0.01 Ft,Six Basins Watermaster,CASGEM,,LosAngeles_04.21.2013-06.21.2013
341150N1177115W001,6BWM-7,4/21/2013,12:30,,,124.300,0.000,124.300,"1,381.250","1,379.800","1,256.950",122.850,TR - Electronic pressure transducer,0.01 Ft,Six Basins Watermaster,CASGEM,,LosAngeles_04.21.2013-06.21.2013
341150N1177115W001,6BWM-7,4/21/2013,12:45,,,124.500,0.000,124.500,"1,381.250","1,379.800","1,256.750",123.050,TR - Electronic pressure transducer,0.01 Ft,Six Basins Watermaster,CASGEM,,LosAngeles_04.21.2013-06.21.2013
341150N1177115W001,6BWM-7,4/21/2013,13:45,,,124.300,0.000,124.300,"1,381.250","1,379.800","1,256.950",122.850,TR - Electronic pressure transducer,0.01 Ft,Six Basins Watermaster,CASGEM,,LosAngeles_04.21.2013-06.21.2013
341150N1177115W001,6BWM-7,4/21/2013,14:00,,,122.800,0.000,122.800,"1,381.250","1,379.800","1,258.450",121.350,TR - Electronic pressure transducer,0.01 Ft,Six Basins Watermaster,CASGEM,,LosAngeles_04.21.2013-06.21.2013
341150N1177115W001,6BWM-7,4/21/2013,14:15,,,124.300,0.000,124.300,"1,381.250","1,379.800","1,256.950",122.850,TR - Electronic pressure transducer,0.01 Ft,Six Basins Watermaster,CASGEM,,LosAngeles_04.21.2013-06.21.2013
341150N1177115W001,6BWM-7,4/21/2013,15:45,,,124.100,0.000,124.100,"1,381.250","1,379.800","1,257.150",122.650,TR - Electronic pressure transducer,0.01 Ft,Six Basins Watermaster,CASGEM,,LosAngeles_04.21.2013-06.21.2013
341150N1177115W001,6BWM-7,4/21/2013,16:00,,,125.500,0.000,125.500,"1,381.250","1,379.800","1,255.750",124.050,TR - Electronic pressure transducer,0.01 Ft,Six Basins Watermaster,CASGEM,,LosAngeles_04.21.2013-06.21.2013
341150N1177115W001,6BWM-7,4/21/2013,16:15,,,124.100,0.000,124.100,"1,381.250","1,379.800","1,257.150",122.650,TR - Electronic pressure transducer,0.01 Ft,Six Basins Watermaster,CASGEM,,LosAngeles_04.21.2013-06.21.2013
341150N1177115W001,6BWM-7,4/21/2013,20:30,,,124.700,0.000,124.700,"1,381.250","1,379.800","1,256.550",123.250,TR - Electronic pressure transducer,0.01 Ft,Six Basins Watermaster,CASGEM,,LosAngeles_04.21.2013-06.21.2013
341150N1177115W001,6BWM-7,4/22/2013,11:15,,,124.700,0.000,124.700,"1,381.250","1,379.800","1,256.550",123.250,TR - Electronic pressure transducer,0.01 Ft,Six Basins Watermaster,CASGEM,,LosAngeles_04.21.2013-06.21.2013
341150N1177115W001,6BWM-7,4/22/2013,11:30,,,122.600,0.000,122.600,"1,381.250","1,379.800","1,258.650",121.150,TR - Electronic pressure transducer,0.01 Ft,Six Basins Watermaster,CASGEM,,LosAngeles_04.21.2013-06.21.2013
341150N1177115W001,6BWM-7,4/22/2013,11:45,,,124.600,0.000,124.600,"1,381.250","1,379.800","1,256.650",123.150,TR - Electronic pressure transducer,0.01 Ft,Six Basins Watermaster,CASGEM,,LosAngeles_04.21.2013-06.21.2013
341150N1177115W001,6BWM-7,4/22/2013,16:00,,,124.200,0.000,124.200,"1,381.250","1,379.800","1,257.050",122.750,TR - Electronic pressure transducer,0.01 Ft,Six Basins Watermaster,CASGEM,,LosAngeles_04.21.2013-06.21.2013
341150N1177115W001,6BWM-7,4/22/2013,16:15,,,125.400,0.000,125.400,"1,381.250","1,379.800","1,255.850",123.950,TR - Electronic pressure transducer,0.01 Ft,Six Basins Watermaster,CASGEM,,LosAngeles_04.21.2013-06.21.2013
341150N1177115W001,6BWM-7,4/22/2013,16:30,,,124.200,0.000,124.200,"1,381.250","1,379.800","1,257.050",122.750,TR - Electronic pressure transducer,0.01 Ft,Six Basins Watermaster,CASGEM,,LosAngeles_04.21.2013-06.21.2013
341150N1177115W001,6BWM-7,4/22/2013,20:30,,,124.800,0.000,124.800,"1,381.250","1,379.800","1,256.450",123.350,TR - Electronic pressure transducer,0.01 Ft,Six Basins Watermaster,CASGEM,,LosAngeles_04.21.2013-06.21.2013
341150N1177115W001,6BWM-7,4/23/2013,10:15,,,124.900,0.000,124.900,"1,381.250","1,379.800","1,256.350",123.450,TR - Electronic pressure transducer,0.01 Ft,Six Basins Watermaster,CASGEM,,LosAngeles_04.21.2013-06.21.2013
341150N1177115W001,6BWM-7,4/23/2013,10:30,,,125.900,0.000,125.900,"1,381.250","1,379.800","1,255.350",124.450,TR - Electronic pressure transducer,0.01 Ft,Six Basins Watermaster,CASGEM,,LosAngeles_04.21.2013-06.21.2013
341150N1177115W001,6BWM-7,4/23/2013,10:45,,,125.200,0.000,125.200,"1,381.250","1,379.800","1,256.050",123.750,TR - Electronic pressure transducer,0.01 Ft,Six Basins Watermaster,CASGEM,,LosAngeles_04.21.2013-06.21.2013
341150N1177115W001,6BWM-7,4/23/2013,11:15,,,125.300,0.000,125.300,"1,381.250","1,379.800","1,255.950",123.850,TR - Electronic pressure transducer,0.01 Ft,Six Basins Watermaster,CASGEM,,LosAngeles_04.21.2013-06.21.2013
341150N1177115W001,6BWM-7,4/23/2013,11:30,,,126.800,0.000,126.800,"1,381.250","1,379.800","1,254.450",125.350,TR - Electronic pressure transducer,0.01 Ft,Six Basins Watermaster,CASGEM,,LosAngeles_04.21.2013-06.21.2013
341150N1177115W001,6BWM-7,4/23/2013,11:45,,,125.100,0.000,125.100,"1,381.250","1,379.800","1,256.150",123.650,TR - Electronic pressure transducer,0.01 Ft,Six Basins Watermaster,CASGEM,,LosAngeles_04.21.2013-06.21.2013
341150N1177115W001,6BWM-7,4/23/2013,12:00,,,125.200,0.000,125.200,"1,381.250","1,379.800","1,256.050",123.750,TR - Electronic pressure transducer,0.01 Ft,Six Basins Watermaster,CASGEM,,LosAngeles_04.21.2013-06.21.2013
341150N1177115W001,6BWM-7,4/23/2013,12:15,,,124.000,0.000,124.000,"1,381.250","1,379.800","1,257.250",122.550,TR - Electronic pressure transducer,0.01 Ft,Six Basins Watermaster,CASGEM,,LosAngeles_04.21.2013-06.21.2013
341150N1177115W001,6BWM-7,4/23/2013,12:30,,,125.100,0.000,125.100,"1,381.250","1,379.800","1,256.150",123.650,TR - Electronic pressure transducer,0.01 Ft,Six Basins Watermaster,CASGEM,,LosAngeles_04.21.2013-06.21.2013
341150N1177115W001,6BWM-7,4/23/2013,14:00,,,124.800,0.000,124.800,"1,381.250","1,379.800","1,256.450",123.350,TR - Electronic pressure transducer,0.01 Ft,Six Basins Watermaster,CASGEM,,LosAngeles_04.21.2013-06.21.2013
341150N1177115W001,6BWM-7,4/23/2013,14:15,,,124.100,0.000,124.100,"1,381.250","1,379.800","1,257.150",122.650,TR - Electronic pressure transducer,0.01 Ft,Six Basins Watermaster,CASGEM,,LosAngeles_04.21.2013-06.21.2013
341150N1177115W001,6BWM-7,4/23/2013,14:45,,,124.700,0.000,124.700,"1,381.250","1,379.800","1,256.550",123.250,TR - Electronic pressure transducer,0.01 Ft,Six Basins Watermaster,CASGEM,,LosAngeles_04.21.2013-06.21.2013
341150N1177115W001,6BWM-7,4/23/2013,20:45,,,125.300,0.000,125.300,"1,381.250","1,379.800","1,255.950",123.850,TR - Electronic pressure transducer,0.01 Ft,Six Basins Watermaster,CASGEM,,LosAngeles_04.21.2013-06.21.2013
341150N1177115W001,6BWM-7,4/24/2013,10:30,,,125.300,0.000,125.300,"1,381.250","1,379.800","1,255.950",123.850,TR - Electronic pressure transducer,0.01 Ft,Six Basins Watermaster,CASGEM,,LosAngeles_04.21.2013-06.21.2013
341150N1177115W001,6BWM-7,4/24/2013,10:45,,,126.600,0.000,126.600,"1,381.250","1,379.800","1,254.650",125.150,TR - Electronic pressure transducer,0.01 Ft,Six Basins Watermaster,CASGEM,,LosAngeles_04.21.2013-06.21.2013
341150N1177115W001,6BWM-7,4/24/2013,11:00,,,125.500,0.000,125.500,"1,381.250","1,379.800","1,255.750",124.050,TR - Electronic pressure transducer,0.01 Ft,Six Basins Watermaster,CASGEM,,LosAngeles_04.21.2013-06.21.2013
341150N1177115W001,6BWM-7,4/24/2013,11:15,,,125.300,0.000,125.300,"1,381.250","1,379.800","1,255.950",123.850,TR - Electronic pressure transducer,0.01 Ft,Six Basins Watermaster,CASGEM,,LosAngeles_04.21.2013-06.21.2013
341150N1177115W001,6BWM-7,4/24/2013,21:15,,,126.000,0.000,126.000,"1,381.250","1,379.800","1,255.250",124.550,TR - Electronic pressure transducer,0.01 Ft,Six Basins Watermaster,CASGEM,,LosAngeles_04.21.2013-06.21.2013
341150N1177115W001,6BWM-7,4/25/2013,21:30,,,126.500,0.000,126.500,"1,381.250","1,379.800","1,254.750",125.050,TR - Electronic pressure transducer,0.01 Ft,Six Basins Watermaster,CASGEM,,LosAngeles_04.21.2013-06.21.2013
341150N1177115W001,6BWM-7,4/26/2013,11:30,,,125.600,0.000,125.600,"1,381.250","1,379.800","1,255.650",124.150,TR - Electronic pressure transducer,0.01 Ft,Six Basins Watermaster,CASGEM,,LosAngeles_04.21.2013-06.21.2013
341150N1177115W001,6BWM-7,4/26/2013,11:45,,,126.200,0.000,126.200,"1,381.250","1,379.800","1,255.050",124.750,TR - Electronic pressure transducer,0.01 Ft,Six Basins Watermaster,CASGEM,,LosAngeles_04.21.2013-06.21.2013
341150N1177115W001,6BWM-7,4/26/2013,13:00,,,126.200,0.000,126.200,"1,381.250","1,379.800","1,255.050",124.750,TR - Electronic pressure transducer,0.01 Ft,Six Basins Watermaster,CASGEM,,LosAngeles_04.21.2013-06.21.2013
341150N1177115W001,6BWM-7,4/26/2013,13:15,,,125.200,0.000,125.200,"1,381.250","1,379.800","1,256.050",123.750,TR - Electronic pressure transducer,0.01 Ft,Six Basins Watermaster,CASGEM,,LosAngeles_04.21.2013-06.21.2013
341150N1177115W001,6BWM-7,4/26/2013,13:30,,,126.100,0.000,126.100,"1,381.250","1,379.800","1,255.150",124.650,TR - Electronic pressure transducer,0.01 Ft,Six Basins Watermaster,CASGEM,,LosAngeles_04.21.2013-06.21.2013
341150N1177115W001,6BWM-7,4/26/2013,14:00,,,126.300,0.000,126.300,"1,381.250","1,379.800","1,254.950",124.850,TR - Electronic pressure transducer,0.01 Ft,Six Basins Watermaster,CASGEM,,LosAngeles_04.21.2013-06.21.2013
341150N1177115W001,6BWM-7,4/27/2013,08:00,,,126.500,0.000,126.500,"1,381.250","1,379.800","1,254.750",125.050,TR - Electronic pressure transducer,0.01 Ft,Six Basins Watermaster,CASGEM,,LosAngeles_04.21.2013-06.21.2013
341150N1177115W001,6BWM-7,4/27/2013,08:15,,,125.700,0.000,125.700,"1,381.250","1,379.800","1,255.550",124.250,TR - Electronic pressure transducer,0.01 Ft,Six Basins Watermaster,CASGEM,,LosAngeles_04.21.2013-06.21.2013
341150N1177115W001,6BWM-7,4/27/2013,09:00,,,125.900,0.000,125.900,"1,381.250","1,379.800","1,255.350",124.450,TR - Electronic pressure transducer,0.01 Ft,Six Basins Watermaster,CASGEM,,LosAngeles_04.21.2013-06.21.2013
341150N1177115W001,6BWM-7,4/27/2013,09:15,,,126.600,0.000,126.600,"1,381.250","1,379.800","1,254.650",125.150,TR - Electronic pressure transducer,0.01 Ft,Six Basins Watermaster,CASGEM,,LosAngeles_04.21.2013-06.21.2013
341150N1177115W001,6BWM-7,4/27/2013,09:30,,,126.700,0.000,126.700,"1,381.250","1,379.800","1,254.550",125.250,TR - Electronic pressure transducer,0.01 Ft,Six Basins Watermaster,CASGEM,,LosAngeles_04.21.2013-06.21.2013
341150N1177115W001,6BWM-7,4/27/2013,12:00,,,126.600,0.000,126.600,"1,381.250","1,379.800","1,254.650",125.150,TR - Electronic pressure transducer,0.01 Ft,Six Basins Watermaster,CASGEM,,LosAngeles_04.21.2013-06.21.2013
341150N1177115W001,6BWM-7,4/27/2013,12:15,,,128.400,0.000,128.400,"1,381.250","1,379.800","1,252.850",126.950,TR - Electronic pressure transducer,0.01 Ft,Six Basins Watermaster,CASGEM,,LosAngeles_04.21.2013-06.21.2013
341150N1177115W001,6BWM-7,4/27/2013,12:30,,,126.400,0.000,126.400,"1,381.250","1,379.800","1,254.850",124.950,TR - Electronic pressure transducer,0.01 Ft,Six Basins Watermaster,CASGEM,,LosAngeles_04.21.2013-06.21.2013
341150N1177115W001,6BWM-7,4/27/2013,12:45,,,124.400,0.000,124.400,"1,381.250","1,379.800","1,256.850",122.950,TR - Electronic pressure transducer,0.01 Ft,Six Basins Watermaster,CASGEM,,LosAngeles_04.21.2013-06.21.2013
341150N1177115W001,6BWM-7,4/27/2013,13:00,,,126.400,0.000,126.400,"1,381.250","1,379.800","1,254.850",124.950,TR - Electronic pressure transducer,0.01 Ft,Six Basins Watermaster,CASGEM,,LosAngeles_04.21.2013-06.21.2013
341150N1177115W001,6BWM-7,4/27/2013,13:15,,,126.500,0.000,126.500,"1,381.250","1,379.800","1,254.750",125.050,TR - Electronic pressure transducer,0.01 Ft,Six Basins Watermaster,CASGEM,,LosAngeles_04.21.2013-06.21.2013
341150N1177115W001,6BWM-7,4/28/2013,11:30,,,126.600,0.000,126.600,"1,381.250","1,379.800","1,254.650",125.150,TR - Electronic pressure transducer,0.01 Ft,Six Basins Watermaster,CASGEM,,LosAngeles_04.21.2013-06.21.2013
341150N1177115W001,6BWM-7,4/28/2013,12:00,,,128.500,0.000,128.500,"1,381.250","1,379.800","1,252.750",127.050,TR - Electronic pressure transducer,0.01 Ft,Six Basins Watermaster,CASGEM,,LosAngeles_04.21.2013-06.21.2013
341150N1177115W001,6BWM-7,4/28/2013,12:15,,,126.800,0.000,126.800,"1,381.250","1,379.800","1,254.450",125.350,TR - Electronic pressure transducer,0.01 Ft,Six Basins Watermaster,CASGEM,,LosAngeles_04.21.2013-06.21.2013
341150N1177115W001,6BWM-7,4/28/2013,12:30,,,126.700,0.000,126.700,"1,381.250","1,379.800","1,254.550",125.250,TR - Electronic pressure transducer,0.01 Ft,Six Basins Watermaster,CASGEM,,LosAngeles_04.21.2013-06.21.2013
341150N1177115W001,6BWM-7,4/28/2013,13:00,,,126.700,0.000,126.700,"1,381.250","1,379.800","1,254.550",125.250,TR - Electronic pressure transducer,0.01 Ft,Six Basins Watermaster,CASGEM,,LosAngeles_04.21.2013-06.21.2013
341150N1177115W001,6BWM-7,4/28/2013,13:30,,,127.500,0.000,127.500,"1,381.250","1,379.800","1,253.750",126.050,TR - Electronic pressure transducer,0.01 Ft,Six Basins Watermaster,CASGEM,,LosAngeles_04.21.2013-06.21.2013
341150N1177115W001,6BWM-7,4/28/2013,13:45,,,126.700,0.000,126.700,"1,381.250","1,379.800","1,254.550",125.250,TR - Electronic pressure transducer,0.01 Ft,Six Basins Watermaster,CASGEM,,LosAngeles_04.21.2013-06.21.2013
341150N1177115W001,6BWM-7,4/28/2013,16:45,,,126.500,0.000,126.500,"1,381.250","1,379.800","1,254.750",125.050,TR - Electronic pressure transducer,0.01 Ft,Six Basins Watermaster,CASGEM,,LosAngeles_04.21.2013-06.21.2013
341150N1177115W001,6BWM-7,4/28/2013,17:15,,,125.100,0.000,125.100,"1,381.250","1,379.800","1,256.150",123.650,TR - Electronic pressure transducer,0.01 Ft,Six Basins Watermaster,CASGEM,,LosAngeles_04.21.2013-06.21.2013
341150N1177115W001,6BWM-7,4/28/2013,17:30,,,126.500,0.000,126.500,"1,381.250","1,379.800","1,254.750",125.050,TR - Electronic pressure transducer,0.01 Ft,Six Basins Watermaster,CASGEM,,LosAngeles_04.21.2013-06.21.2013
341150N1177115W001,6BWM-7,4/28/2013,17:45,,,126.800,0.000,126.800,"1,381.250","1,379.800","1,254.450",125.350,TR - Electronic pressure transducer,0.01 Ft,Six Basins Watermaster,CASGEM,,LosAngeles_04.21.2013-06.21.2013
341150N1177115W001,6BWM-7,4/29/2013,09:45,,,127.500,0.000,127.500,"1,381.250","1,379.800","1,253.750",126.050,TR - Electronic pressure transducer,0.01 Ft,Six Basins Watermaster,CASGEM,,LosAngeles_04.21.2013-06.21.2013
341150N1177115W001,6BWM-7,4/29/2013,11:45,,,127.300,0.000,127.300,"1,381.250","1,379.800","1,253.950",125.850,TR - Electronic pressure transducer,0.01 Ft,Six Basins Watermaster,CASGEM,,LosAngeles_04.21.2013-06.21.2013
341150N1177115W001,6BWM-7,4/29/2013,12:15,,,125.800,0.000,125.800,"1,381.250","1,379.800","1,255.450",124.350,TR - Electronic pressure transducer,0.01 Ft,Six Basins Watermaster,CASGEM,,LosAngeles_04.21.2013-06.21.2013
341150N1177115W001,6BWM-7,4/29/2013,12:30,,,128.900,0.000,128.900,"1,381.250","1,379.800","1,252.350",127.450,TR - Electronic pressure transducer,0.01 Ft,Six Basins Watermaster,CASGEM,,LosAngeles_04.21.2013-06.21.2013
341150N1177115W001,6BWM-7,4/29/2013,12:45,,,127.100,0.000,127.100,"1,381.250","1,379.800","1,254.150",125.650,TR - Electronic pressure transducer,0.01 Ft,Six Basins Watermaster,CASGEM,,LosAngeles_04.21.2013-06.21.2013
341150N1177115W001,6BWM-7,4/29/2013,13:00,,,127.000,0.000,127.000,"1,381.250","1,379.800","1,254.250",125.550,TR - Electronic pressure transducer,0.01 Ft,Six Basins Watermaster,CASGEM,,LosAngeles_04.21.2013-06.21.2013
341150N1177115W001,6BWM-7,4/29/2013,13:15,,,127.000,0.000,127.000,"1,381.250","1,379.800","1,254.250",125.550,TR - Electronic pressure transducer,0.01 Ft,Six Basins Watermaster,CASGEM,,LosAngeles_04.21.2013-06.21.2013
341150N1177115W001,6BWM-7,4/29/2013,13:30,,,129.300,0.000,129.300,"1,381.250","1,379.800","1,251.950",127.850,TR - Electronic pressure transducer,0.01 Ft,Six Basins Watermaster,CASGEM,,LosAngeles_04.21.2013-06.21.2013
341150N1177115W001,6BWM-7,4/29/2013,13:45,,,127.100,0.000,127.100,"1,381.250","1,379.800","1,254.150",125.650,TR - Electronic pressure transducer,0.01 Ft,Six Basins Watermaster,CASGEM,,LosAngeles_04.21.2013-06.21.2013
341150N1177115W001,6BWM-7,4/29/2013,15:30,,,127.200,0.000,127.200,"1,381.250","1,379.800","1,254.050",125.750,TR - Electronic pressure transducer,0.01 Ft,Six Basins Watermaster,CASGEM,,LosAngeles_04.21.2013-06.21.2013
341150N1177115W001,6BWM-7,4/29/2013,15:45,,,126.800,0.000,126.800,"1,381.250","1,379.800","1,254.450",125.350,TR - Electronic pressure transducer,0.01 Ft,Six Basins Watermaster,CASGEM,,LosAngeles_04.21.2013-06.21.2013
341150N1177115W001,6BWM-7,4/29/2013,16:00,,,124.700,0.000,124.700,"1,381.250","1,379.800","1,256.550",123.250,TR - Electronic pressure transducer,0.01 Ft,Six Basins Watermaster,CASGEM,,LosAngeles_04.21.2013-06.21.2013
341150N1177115W001,6BWM-7,4/29/2013,16:15,,,126.800,0.000,126.800,"1,381.250","1,379.800","1,254.450",125.350,TR - Electronic pressure transducer,0.01 Ft,Six Basins Watermaster,CASGEM,,LosAngeles_04.21.2013-06.21.2013
341150N1177115W001,6BWM-7,4/29/2013,16:30,,,126.900,0.000,126.900,"1,381.250","1,379.800","1,254.350",125.450,TR - Electronic pressure transducer,0.01 Ft,Six Basins Watermaster,CASGEM,,LosAngeles_04.21.2013-06.21.2013
341150N1177115W001,6BWM-7,4/29/2013,20:45,,,127.500,0.000,127.500,"1,381.250","1,379.800","1,253.750",126.050,TR - Electronic pressure transducer,0.01 Ft,Six Basins Watermaster,CASGEM,,LosAngeles_04.21.2013-06.21.2013
341150N1177115W001,6BWM-7,4/29/2013,21:00,,,127.700,0.000,127.700,"1,381.250","1,379.800","1,253.550",126.250,TR - Electronic pressure transducer,0.01 Ft,Six Basins Watermaster,CASGEM,,LosAngeles_04.21.2013-06.21.2013
341150N1177115W001,6BWM-7,4/30/2013,11:45,,,127.200,0.000,127.200,"1,381.250","1,379.800","1,254.050",125.750,TR - Electronic pressure transducer,0.01 Ft,Six Basins Watermaster,CASGEM,,LosAngeles_04.21.2013-06.21.2013
341150N1177115W001,6BWM-7,4/30/2013,12:15,,,129.500,0.000,129.500,"1,381.250","1,379.800","1,251.750",128.050,TR - Electronic pressure transducer,0.01 Ft,Six Basins Watermaster,CASGEM,,LosAngeles_04.21.2013-06.21.2013
341150N1177115W001,6BWM-7,4/30/2013,12:30,,,127.600,0.000,127.600,"1,381.250","1,379.800","1,253.650",126.150,TR - Electronic pressure transducer,0.01 Ft,Six Basins Watermaster,CASGEM,,LosAngeles_04.21.2013-06.21.2013
341150N1177115W001,6BWM-7,4/30/2013,13:15,,,127.800,0.000,127.800,"1,381.250","1,379.800","1,253.450",126.350,TR - Electronic pressure transducer,0.01 Ft,Six Basins Watermaster,CASGEM,,LosAngeles_04.21.2013-06.21.2013
341150N1177115W001,6BWM-7,4/30/2013,13:30,,,126.600,0.000,126.600,"1,381.250","1,379.800","1,254.650",125.150,TR - Electronic pressure transducer,0.01 Ft,Six Basins Watermaster,CASGEM,,LosAngeles_04.21.2013-06.21.2013
341150N1177115W001,6BWM-7,4/30/2013,13:45,,,128.900,0.000,128.900,"1,381.250","1,379.800","1,252.350",127.450,TR - Electronic pressure transducer,0.01 Ft,Six Basins Watermaster,CASGEM,,LosAngeles_04.21.2013-06.21.2013
341150N1177115W001,6BWM-7,4/30/2013,14:00,,,127.700,0.000,127.700,"1,381.250","1,379.800","1,253.550",126.250,TR - Electronic pressure transducer,0.01 Ft,Six Basins Watermaster,CASGEM,,LosAngeles_04.21.2013-06.21.2013
341199N1177466W001,6BWM-5,4/28/2013,14:15,,,203.200,0.000,203.200,"1,293.670","1,293.750","1,090.470",203.280,ES - Electric sounder measurement,0.01 Ft,Six Basins Watermaster,CASGEM,,LosAngeles_04.21.2013-06.21.2013
341219N1176980W001,6BWM-4,4/21/2013,09:15,,,216.000,0.000,216.000,"1,521.580","1,522.100","1,305.580",216.520,TR - Electronic pressure transducer,0.01 Ft,Six Basins Watermaster,CASGEM,,LosAngeles_04.21.2013-06.21.2013
341219N1176980W001,6BWM-4,4/21/2013,09:30,,,215.900,0.000,215.900,"1,521.580","1,522.100","1,305.680",216.420,TR - Electronic pressure transducer,0.01 Ft,Six Basins Watermaster,CASGEM,,LosAngeles_04.21.2013-06.21.2013
341219N1176980W001,6BWM-4,4/21/2013,09:45,,,213.400,0.000,213.400,"1,521.580","1,522.100","1,308.180",213.920,TR - Electronic pressure transducer,0.01 Ft,Six Basins Watermaster,CASGEM,,LosAngeles_04.21.2013-06.21.2013
341219N1176980W001,6BWM-4,4/21/2013,10:00,,,215.900,0.000,215.900,"1,521.580","1,522.100","1,305.680",216.420,TR - Electronic pressure transducer,0.01 Ft,Six Basins Watermaster,CASGEM,,LosAngeles_04.21.2013-06.21.2013
341219N1176980W001,6BWM-4,4/21/2013,13:30,,,215.900,0.000,215.900,"1,521.580","1,522.100","1,305.680",216.420,TR - Electronic pressure transducer,0.01 Ft,Six Basins Watermaster,CASGEM,,LosAngeles_04.21.2013-06.21.2013
341219N1176980W001,6BWM-4,4/21/2013,13:45,,,214.100,0.000,214.100,"1,521.580","1,522.100","1,307.480",214.620,TR - Electronic pressure transducer,0.01 Ft,Six Basins Watermaster,CASGEM,,LosAngeles_04.21.2013-06.21.2013
341219N1176980W001,6BWM-4,4/21/2013,14:00,,,216.100,0.000,216.100,"1,521.580","1,522.100","1,305.480",216.620,TR - Electronic pressure transducer,0.01 Ft,Six Basins Watermaster,CASGEM,,LosAngeles_04.21.2013-06.21.2013
341219N1176980W001,6BWM-4,4/21/2013,14:30,,,215.900,0.000,215.900,"1,521.580","1,522.100","1,305.680",216.420,TR - Electronic pressure transducer,0.01 Ft,Six Basins Watermaster,CASGEM,,LosAngeles_04.21.2013-06.21.2013
341219N1176980W001,6BWM-4,4/21/2013,15:00,,,217.700,0.000,217.700,"1,521.580","1,522.100","1,303.880",218.220,TR - Electronic pressure transducer,0.01 Ft,Six Basins Watermaster,CASGEM,,LosAngeles_04.21.2013-06.21.2013
341219N1176980W001,6BWM-4,4/21/2013,15:15,,,215.900,0.000,215.900,"1,521.580","1,522.100","1,305.680",216.420,TR - Electronic pressure transducer,0.01 Ft,Six Basins Watermaster,CASGEM,,LosAngeles_04.21.2013-06.21.2013
341219N1176980W001,6BWM-4,4/22/2013,13:00,,,216.000,0.000,216.000,"1,521.580","1,522.100","1,305.580",216.520,TR - Electronic pressure transducer,0.01 Ft,Six Basins Watermaster,CASGEM,,LosAngeles_04.21.2013-06.21.2013
341219N1176980W001,6BWM-4,4/22/2013,13:15,,,218.100,0.000,218.100,"1,521.580","1,522.100","1,303.480",218.620,TR - Electronic pressure transducer,0.01 Ft,Six Basins Watermaster,CASGEM,,LosAngeles_04.21.2013-06.21.2013
341219N1176980W001,6BWM-4,4/22/2013,13:30,,,216.000,0.000,216.000,"1,521.580","1,522.100","1,305.580",216.520,TR - Electronic pressure transducer,0.01 Ft,Six Basins Watermaster,CASGEM,,LosAngeles_04.21.2013-06.21.2013
341219N1176980W001,6BWM-4,4/22/2013,14:45,,,216.000,0.000,216.000,"1,521.580","1,522.100","1,305.580",216.520,TR - Electronic pressure transducer,0.01 Ft,Six Basins Watermaster,CASGEM,,LosAngeles_04.21.2013-06.21.2013
341219N1176980W001,6BWM-4,4/22/2013,15:00,,,218.200,0.000,218.200,"1,521.580","1,522.100","1,303.380",218.720,TR - Electronic pressure transducer,0.01 Ft,Six Basins Watermaster,CASGEM,,LosAngeles_04.21.2013-06.21.2013
341219N1176980W001,6BWM-4,4/22/2013,15:15,,,216.000,0.000,216.000,"1,521.580","1,522.100","1,305.580",216.520,TR - Electronic pressure transducer,0.01 Ft,Six Basins Watermaster,CASGEM,,LosAngeles_04.21.2013-06.21.2013
341219N1176980W001,6BWM-4,4/23/2013,10:45,,,216.000,0.000,216.000,"1,521.580","1,522.100","1,305.580",216.520,TR - Electronic pressure transducer,0.01 Ft,Six Basins Watermaster,CASGEM,,LosAngeles_04.21.2013-06.21.2013
341219N1176980W001,6BWM-4,4/23/2013,11:00,,,219.400,0.000,219.400,"1,521.580","1,522.100","1,302.180",219.920,TR - Electronic pressure transducer,0.01 Ft,Six Basins Watermaster,CASGEM,,LosAngeles_04.21.2013-06.21.2013
341219N1176980W001,6BWM-4,4/23/2013,11:15,,,216.000,0.000,216.000,"1,521.580","1,522.100","1,305.580",216.520,TR - Electronic pressure transducer,0.01 Ft,Six Basins Watermaster,CASGEM,,LosAngeles_04.21.2013-06.21.2013
341219N1176980W001,6BWM-4,4/23/2013,12:00,,,216.000,0.000,216.000,"1,521.580","1,522.100","1,305.580",216.520,TR - Electronic pressure transducer,0.01 Ft,Six Basins Watermaster,CASGEM,,LosAngeles_04.21.2013-06.21.2013
341219N1176980W001,6BWM-4,4/23/2013,12:15,,,218.300,0.000,218.300,"1,521.580","1,522.100","1,303.280",218.820,TR - Electronic pressure transducer,0.01 Ft,Six Basins Watermaster,CASGEM,,LosAngeles_04.21.2013-06.21.2013
341219N1176980W001,6BWM-4,4/23/2013,12:30,,,216.000,0.000,216.000,"1,521.580","1,522.100","1,305.580",216.520,TR - Electronic pressure transducer,0.01 Ft,Six Basins Watermaster,CASGEM,,LosAngeles_04.21.2013-06.21.2013
341219N1176980W001,6BWM-4,4/23/2013,14:45,,,216.000,0.000,216.000,"1,521.580","1,522.100","1,305.580",216.520,TR - Electronic pressure transducer,0.01 Ft,Six Basins Watermaster,CASGEM,,LosAngeles_04.21.2013-06.21.2013
341219N1176980W001,6BWM-4,4/23/2013,15:00,,,213.000,0.000,213.000,"1,521.580","1,522.100","1,308.580",213.520,TR - Electronic pressure transducer,0.01 Ft,Six Basins Watermaster,CASGEM,,LosAngeles_04.21.2013-06.21.2013
341219N1176980W001,6BWM-4,4/23/2013,15:15,,,215.900,0.000,215.900,"1,521.580","1,522.100","1,305.680",216.420,TR - Electronic pressure transducer,0.01 Ft,Six Basins Watermaster,CASGEM,,LosAngeles_04.21.2013-06.21.2013
341219N1176980W001,6BWM-4,4/24/2013,15:30,,,216.000,0.000,216.000,"1,521.580","1,522.100","1,305.580",216.520,TR - Electronic pressure transducer,0.01 Ft,Six Basins Watermaster,CASGEM,,LosAngeles_04.21.2013-06.21.2013
341219N1176980W001,6BWM-4,4/25/2013,11:15,,,216.100,0.000,216.100,"1,521.580","1,522.100","1,305.480",216.620,TR - Electronic pressure transducer,0.01 Ft,Six Basins Watermaster,CASGEM,,LosAngeles_04.21.2013-06.21.2013
341219N1176980W001,6BWM-4,4/25/2013,11:30,,,213.900,0.000,213.900,"1,521.580","1,522.100","1,307.680",214.420,TR - Electronic pressure transducer,0.01 Ft,Six Basins Watermaster,CASGEM,,LosAngeles_04.21.2013-06.21.2013
341219N1176980W001,6BWM-4,4/25/2013,11:45,,,215.200,0.000,215.200,"1,521.580","1,522.100","1,306.380",215.720,TR - Electronic pressure transducer,0.01 Ft,Six Basins Watermaster,CASGEM,,LosAngeles_04.21.2013-06.21.2013
341219N1176980W001,6BWM-4,4/25/2013,12:00,,,216.100,0.000,216.100,"1,521.580","1,522.100","1,305.480",216.620,TR - Electronic pressure transducer,0.01 Ft,Six Basins Watermaster,CASGEM,,LosAngeles_04.21.2013-06.21.2013
341219N1176980W001,6BWM-4,4/25/2013,14:45,,,217.200,0.000,217.200,"1,521.580","1,522.100","1,304.380",217.720,TR - Electronic pressure transducer,0.01 Ft,Six Basins Watermaster,CASGEM,,LosAngeles_04.21.2013-06.21.2013
341219N1176980W001,6BWM-4,4/25/2013,15:45,,,216.200,0.000,216.200,"1,521.580","1,522.100","1,305.380",216.720,TR - Electronic pressure transducer,0.01 Ft,Six Basins Watermaster,CASGEM,,LosAngeles_04.21.2013-06.21.2013
341219N1176980W001,6BWM-4,4/25/2013,16:00,,,213.700,0.000,213.700,"1,521.580","1,522.100","1,307.880",214.220,TR - Electronic pressure transducer,0.01 Ft,Six Basins Watermaster,CASGEM,,LosAngeles_04.21.2013-06.21.2013
341219N1176980W001,6BWM-4,4/25/2013,16:15,,,216.200,0.000,216.200,"1,521.580","1,522.100","1,305.380",216.720,TR - Electronic pressure transducer,0.01 Ft,Six Basins Watermaster,CASGEM,,LosAngeles_04.21.2013-06.21.2013
341219N1176980W001,6BWM-4,4/26/2013,09:00,,,216.500,0.000,216.500,"1,521.580","1,522.100","1,305.080",217.020,TR - Electronic pressure transducer,0.01 Ft,Six Basins Watermaster,CASGEM,,LosAngeles_04.21.2013-06.21.2013
341219N1176980W001,6BWM-4,4/26/2013,09:15,,,219.800,0.000,219.800,"1,521.580","1,522.100","1,301.780",220.320,TR - Electronic pressure transducer,0.01 Ft,Six Basins Watermaster,CASGEM,,LosAngeles_04.21.2013-06.21.2013
341219N1176980W001,6BWM-4,4/26/2013,09:30,,,216.500,0.000,216.500,"1,521.580","1,522.100","1,305.080",217.020,TR - Electronic pressure transducer,0.01 Ft,Six Basins Watermaster,CASGEM,,LosAngeles_04.21.2013-06.21.2013
341219N1176980W001,6BWM-4,4/27/2013,09:45,,,216.500,0.000,216.500,"1,521.580","1,522.100","1,305.080",217.020,TR - Electronic pressure transducer,0.01 Ft,Six Basins Watermaster,CASGEM,,LosAngeles_04.21.2013-06.21.2013
341219N1176980W001,6BWM-4,4/27/2013,12:00,,,216.500,0.000,216.500,"1,521.580","1,522.100","1,305.080",217.020,TR - Electronic pressure transducer,0.01 Ft,Six Basins Watermaster,CASGEM,,LosAngeles_04.21.2013-06.21.2013
341219N1176980W001,6BWM-4,4/27/2013,12:15,,,214.600,0.000,214.600,"1,521.580","1,522.100","1,306.980",215.120,TR - Electronic pressure transducer,0.01 Ft,Six Basins Watermaster,CASGEM,,LosAngeles_04.21.2013-06.21.2013
341219N1176980W001,6BWM-4,4/27/2013,12:30,,,216.500,0.000,216.500,"1,521.580","1,522.100","1,305.080",217.020,TR - Electronic pressure transducer,0.01 Ft,Six Basins Watermaster,CASGEM,,LosAngeles_04.21.2013-06.21.2013
341219N1176980W001,6BWM-4,4/27/2013,13:30,,,216.500,0.000,216.500,"1,521.580","1,522.100","1,305.080",217.020,TR - Electronic pressure transducer,0.01 Ft,Six Basins Watermaster,CASGEM,,LosAngeles_04.21.2013-06.21.2013
341219N1176980W001,6BWM-4,4/27/2013,13:45,,,221.800,0.000,221.800,"1,521.580","1,522.100","1,299.780",222.320,TR - Electronic pressure transducer,0.01 Ft,Six Basins Watermaster,CASGEM,,LosAngeles_04.21.2013-06.21.2013
341219N1176980W001,6BWM-4,4/27/2013,14:00,,,216.500,0.000,216.500,"1,521.580","1,522.100","1,305.080",217.020,TR - Electronic pressure transducer,0.01 Ft,Six Basins Watermaster,CASGEM,,LosAngeles_04.21.2013-06.21.2013
341219N1176980W001,6BWM-4,4/28/2013,08:00,,,215.500,0.000,215.500,"1,521.580","1,522.100","1,306.080",216.020,TR - Electronic pressure transducer,0.01 Ft,Six Basins Watermaster,CASGEM,,LosAngeles_04.21.2013-06.21.2013
341219N1176980W001,6BWM-4,4/28/2013,08:30,,,218.000,0.000,218.000,"1,521.580","1,522.100","1,303.580",218.520,TR - Electronic pressure transducer,0.01 Ft,Six Basins Watermaster,CASGEM,,LosAngeles_04.21.2013-06.21.2013
341219N1176980W001,6BWM-4,4/28/2013,08:45,,,216.500,0.000,216.500,"1,521.580","1,522.100","1,305.080",217.020,TR - Electronic pressure transducer,0.01 Ft,Six Basins Watermaster,CASGEM,,LosAngeles_04.21.2013-06.21.2013
341219N1176980W001,6BWM-4,4/28/2013,11:15,,,216.600,0.000,216.600,"1,521.580","1,522.100","1,304.980",217.120,TR - Electronic pressure transducer,0.01 Ft,Six Basins Watermaster,CASGEM,,LosAngeles_04.21.2013-06.21.2013
341219N1176980W001,6BWM-4,4/28/2013,11:30,,,219.400,0.000,219.400,"1,521.580","1,522.100","1,302.180",219.920,TR - Electronic pressure transducer,0.01 Ft,Six Basins Watermaster,CASGEM,,LosAngeles_04.21.2013-06.21.2013
341219N1176980W001,6BWM-4,4/28/2013,11:45,,,216.500,0.000,216.500,"1,521.580","1,522.100","1,305.080",217.020,TR - Electronic pressure transducer,0.01 Ft,Six Basins Watermaster,CASGEM,,LosAngeles_04.21.2013-06.21.2013
341219N1176980W001,6BWM-4,4/28/2013,12:15,,,216.600,0.000,216.600,"1,521.580","1,522.100","1,304.980",217.120,TR - Electronic pressure transducer,0.01 Ft,Six Basins Watermaster,CASGEM,,LosAngeles_04.21.2013-06.21.2013
341219N1176980W001,6BWM-4,4/28/2013,12:30,,,219.600,0.000,219.600,"1,521.580","1,522.100","1,301.980",220.120,TR - Electronic pressure transducer,0.01 Ft,Six Basins Watermaster,CASGEM,,LosAngeles_04.21.2013-06.21.2013
341219N1176980W001,6BWM-4,4/28/2013,12:45,,,216.600,0.000,216.600,"1,521.580","1,522.100","1,304.980",217.120,TR - Electronic pressure transducer,0.01 Ft,Six Basins Watermaster,CASGEM,,LosAngeles_04.21.2013-06.21.2013
341219N1176980W001,6BWM-4,4/29/2013,10:15,,,217.000,0.000,217.000,"1,521.580","1,522.100","1,304.580",217.520,TR - Electronic pressure transducer,0.01 Ft,Six Basins Watermaster,CASGEM,,LosAngeles_04.21.2013-06.21.2013
341219N1176980W001,6BWM-4,4/29/2013,10:30,,,214.200,0.000,214.200,"1,521.580","1,522.100","1,307.380",214.720,TR - Electronic pressure transducer,0.01 Ft,Six Basins Watermaster,CASGEM,,LosAngeles_04.21.2013-06.21.2013
341219N1176980W001,6BWM-4,4/29/2013,10:45,,,216.700,0.000,216.700,"1,521.580","1,522.100","1,304.880",217.220,TR - Electronic pressure transducer,0.01 Ft,Six Basins Watermaster,CASGEM,,LosAngeles_04.21.2013-06.21.2013
341219N1176980W001,6BWM-4,4/29/2013,11:15,,,215.200,0.000,215.200,"1,521.580","1,522.100","1,306.380",215.720,TR - Electronic pressure transducer,0.01 Ft,Six Basins Watermaster,CASGEM,,LosAngeles_04.21.2013-06.21.2013
341219N1176980W001,6BWM-4,4/29/2013,11:30,,,219.500,0.000,219.500,"1,521.580","1,522.100","1,302.080",220.020,TR - Electronic pressure transducer,0.01 Ft,Six Basins Watermaster,CASGEM,,LosAngeles_04.21.2013-06.21.2013
341219N1176980W001,6BWM-4,4/29/2013,11:45,,,216.600,0.000,216.600,"1,521.580","1,522.100","1,304.980",217.120,TR - Electronic pressure transducer,0.01 Ft,Six Basins Watermaster,CASGEM,,LosAngeles_04.21.2013-06.21.2013
341219N1176980W001,6BWM-4,4/30/2013,09:45,,,216.500,0.000,216.500,"1,521.580","1,522.100","1,305.080",217.020,TR - Electronic pressure transducer,0.01 Ft,Six Basins Watermaster,CASGEM,,LosAngeles_04.21.2013-06.21.2013
341219N1176980W001,6BWM-4,4/30/2013,10:00,,,215.200,0.000,215.200,"1,521.580","1,522.100","1,306.380",215.720,TR - Electronic pressure transducer,0.01 Ft,Six Basins Watermaster,CASGEM,,LosAngeles_04.21.2013-06.21.2013
341219N1176980W001,6BWM-4,4/30/2013,10:15,,,216.500,0.000,216.500,"1,521.580","1,522.100","1,305.080",217.020,TR - Electronic pressure transducer,0.01 Ft,Six Basins Watermaster,CASGEM,,LosAngeles_04.21.2013-06.21.2013
341219N1176980W001,6BWM-4,4/30/2013,11:45,,,216.500,0.000,216.500,"1,521.580","1,522.100","1,305.080",217.020,TR - Electronic pressure transducer,0.01 Ft,Six Basins Watermaster,CASGEM,,LosAngeles_04.21.2013-06.21.2013
341219N1176980W001,6BWM-4,4/30/2013,12:00,,,213.900,0.000,213.900,"1,521.580","1,522.100","1,307.680",214.420,TR - Electronic pressure transducer,0.01 Ft,Six Basins Watermaster,CASGEM,,LosAngeles_04.21.2013-06.21.2013
341219N1176980W001,6BWM-4,4/30/2013,12:15,,,216.500,0.000,216.500,"1,521.580","1,522.100","1,305.080",217.020,TR - Electronic pressure transducer,0.01 Ft,Six Basins Watermaster,CASGEM,,LosAngeles_04.21.2013-06.21.2013
341219N1176980W001,6BWM-4,4/30/2013,12:30,,,216.700,0.000,216.700,"1,521.580","1,522.100","1,304.880",217.220,TR - Electronic pressure transducer,0.01 Ft,Six Basins Watermaster,CASGEM,,LosAngeles_04.21.2013-06.21.2013
341219N1176980W001,6BWM-4,4/30/2013,13:00,,,216.500,0.000,216.500,"1,521.580","1,522.100","1,305.080",217.020,TR - Electronic pressure transducer,0.01 Ft,Six Basins Watermaster,CASGEM,,LosAngeles_04.21.2013-06.21.2013
341219N1176980W001,6BWM-4,4/30/2013,13:15,,,217.600,0.000,217.600,"1,521.580","1,522.100","1,303.980",218.120,TR - Electronic pressure transducer,0.01 Ft,Six Basins Watermaster,CASGEM,,LosAngeles_04.21.2013-06.21.2013
341219N1176980W001,6BWM-4,4/30/2013,13:30,,,219.400,0.000,219.400,"1,521.580","1,522.100","1,302.180",219.920,TR - Electronic pressure transducer,0.01 Ft,Six Basins Watermaster,CASGEM,,LosAngeles_04.21.2013-06.21.2013
341219N1176980W001,6BWM-4,4/30/2013,13:45,,,216.500,0.000,216.500,"1,521.580","1,522.100","1,305.080",217.020,TR - Electronic pressure transducer,0.01 Ft,Six Basins Watermaster,CASGEM,,LosAngeles_04.21.2013-06.21.2013
341219N1176980W001,6BWM-4,4/30/2013,15:30,,,216.500,0.000,216.500,"1,521.580","1,522.100","1,305.080",217.020,TR - Electronic pressure transducer,0.01 Ft,Six Basins Watermaster,CASGEM,,LosAngeles_04.21.2013-06.21.2013
341219N1176980W001,6BWM-4,4/30/2013,15:45,,,214.600,0.000,214.600,"1,521.580","1,522.100","1,306.980",215.120,TR - Electronic pressure transducer,0.01 Ft,Six Basins Watermaster,CASGEM,,LosAngeles_04.21.2013-06.21.2013
341219N1176980W001,6BWM-4,4/30/2013,16:00,,,217.200,0.000,217.200,"1,521.580","1,522.100","1,304.380",217.720,TR - Electronic pressure transducer,0.01 Ft,Six Basins Watermaster,CASGEM,,LosAngeles_04.21.2013-06.21.2013
341416N1176876W001,6BWM-2,4/21/2013,12:45,,,288.100,0.000,288.100,"1,845.630","1,845.980","1,557.530",288.450,TR - Electronic pressure transducer,0.01 Ft,Six Basins Watermaster,CASGEM,,LosAngeles_04.21.2013-06.21.2013
341416N1176876W001,6BWM-2,4/21/2013,13:00,,,289.500,0.000,289.500,"1,845.630","1,845.980","1,556.130",289.850,TR - Electronic pressure transducer,0.01 Ft,Six Basins Watermaster,CASGEM,,LosAngeles_04.21.2013-06.21.2013
341416N1176876W001,6BWM-2,4/21/2013,13:15,,,288.100,0.000,288.100,"1,845.630","1,845.980","1,557.530",288.450,TR - Electronic pressure transducer,0.01 Ft,Six Basins Watermaster,CASGEM,,LosAngeles_04.21.2013-06.21.2013
341416N1176876W001,6BWM-2,4/21/2013,13:30,,,288.100,0.000,288.100,"1,845.630","1,845.980","1,557.530",288.450,TR - Electronic pressure transducer,0.01 Ft,Six Basins Watermaster,CASGEM,,LosAngeles_04.21.2013-06.21.2013
341416N1176876W001,6BWM-2,4/21/2013,13:45,,,286.700,0.000,286.700,"1,845.630","1,845.980","1,558.930",287.050,TR - Electronic pressure transducer,0.01 Ft,Six Basins Watermaster,CASGEM,,LosAngeles_04.21.2013-06.21.2013
341416N1176876W001,6BWM-2,4/21/2013,14:00,,,288.100,0.000,288.100,"1,845.630","1,845.980","1,557.530",288.450,TR - Electronic pressure transducer,0.01 Ft,Six Basins Watermaster,CASGEM,,LosAngeles_04.21.2013-06.21.2013
341416N1176876W001,6BWM-2,4/21/2013,14:30,,,289.300,0.000,289.300,"1,845.630","1,845.980","1,556.330",289.650,TR - Electronic pressure transducer,0.01 Ft,Six Basins Watermaster,CASGEM,,LosAngeles_04.21.2013-06.21.2013
341416N1176876W001,6BWM-2,4/21/2013,14:45,,,288.100,0.000,288.100,"1,845.630","1,845.980","1,557.530",288.450,TR - Electronic pressure transducer,0.01 Ft,Six Basins Watermaster,CASGEM,,LosAngeles_04.21.2013-06.21.2013
341416N1176876W001,6BWM-2,4/21/2013,16:15,,,288.100,0.000,288.100,"1,845.630","1,845.980","1,557.530",288.450,TR - Electronic pressure transducer,0.01 Ft,Six Basins Watermaster,CASGEM,,LosAngeles_04.21.2013-06.21.2013
341416N1176876W001,6BWM-2,4/21/2013,16:30,,,289.500,0.000,289.500,"1,845.630","1,845.980","1,556.130",289.850,TR - Electronic pressure transducer,0.01 Ft,Six Basins Watermaster,CASGEM,,LosAngeles_04.21.2013-06.21.2013
341416N1176876W001,6BWM-2,4/21/2013,16:45,,,288.100,0.000,288.100,"1,845.630","1,845.980","1,557.530",288.450,TR - Electronic pressure transducer,0.01 Ft,Six Basins Watermaster,CASGEM,,LosAngeles_04.21.2013-06.21.2013
341416N1176876W001,6BWM-2,4/22/2013,17:00,,,288.000,0.000,288.000,"1,845.630","1,845.980","1,557.630",288.350,TR - Electronic pressure transducer,0.01 Ft,Six Basins Watermaster,CASGEM,,LosAngeles_04.21.2013-06.21.2013
341416N1176876W001,6BWM-2,4/23/2013,17:15,,,288.000,0.000,288.000,"1,845.630","1,845.980","1,557.630",288.350,TR - Electronic pressure transducer,0.01 Ft,Six Basins Watermaster,CASGEM,,LosAngeles_04.21.2013-06.21.2013
341416N1176876W001,6BWM-2,4/24/2013,10:45,,,288.000,0.000,288.000,"1,845.630","1,845.980","1,557.630",288.350,TR - Electronic pressure transducer,0.01 Ft,Six Basins Watermaster,CASGEM,,LosAngeles_04.21.2013-06.21.2013
341416N1176876W001,6BWM-2,4/24/2013,11:00,,,289.500,0.000,289.500,"1,845.630","1,845.980","1,556.130",289.850,TR - Electronic pressure transducer,0.01 Ft,Six Basins Watermaster,CASGEM,,LosAngeles_04.21.2013-06.21.2013
341416N1176876W001,6BWM-2,4/24/2013,11:15,,,288.200,0.000,288.200,"1,845.630","1,845.980","1,557.430",288.550,TR - Electronic pressure transducer,0.01 Ft,Six Basins Watermaster,CASGEM,,LosAngeles_04.21.2013-06.21.2013
341416N1176876W001,6BWM-2,4/24/2013,11:30,,,288.100,0.000,288.100,"1,845.630","1,845.980","1,557.530",288.450,TR - Electronic pressure transducer,0.01 Ft,Six Basins Watermaster,CASGEM,,LosAngeles_04.21.2013-06.21.2013
341416N1176876W001,6BWM-2,4/25/2013,11:45,,,288.100,0.000,288.100,"1,845.630","1,845.980","1,557.530",288.450,TR - Electronic pressure transducer,0.01 Ft,Six Basins Watermaster,CASGEM,,LosAngeles_04.21.2013-06.21.2013
341416N1176876W001,6BWM-2,4/26/2013,12:00,,,288.000,0.000,288.000,"1,845.630","1,845.980","1,557.630",288.350,TR - Electronic pressure transducer,0.01 Ft,Six Basins Watermaster,CASGEM,,LosAngeles_04.21.2013-06.21.2013
341416N1176876W001,6BWM-2,4/27/2013,12:00,,,288.000,0.000,288.000,"1,845.630","1,845.980","1,557.630",288.350,TR - Electronic pressure transducer,0.01 Ft,Six Basins Watermaster,CASGEM,,LosAngeles_04.21.2013-06.21.2013
341416N1176876W001,6BWM-2,4/27/2013,12:15,,,289.400,0.000,289.400,"1,845.630","1,845.980","1,556.230",289.750,TR - Electronic pressure transducer,0.01 Ft,Six Basins Watermaster,CASGEM,,LosAngeles_04.21.2013-06.21.2013
341416N1176876W001,6BWM-2,4/27/2013,12:45,,,288.000,0.000,288.000,"1,845.630","1,845.980","1,557.630",288.350,TR - Electronic pressure transducer,0.01 Ft,Six Basins Watermaster,CASGEM,,LosAngeles_04.21.2013-06.21.2013
341416N1176876W001,6BWM-2,4/27/2013,15:15,,,288.000,0.000,288.000,"1,845.630","1,845.980","1,557.630",288.350,TR - Electronic pressure transducer,0.01 Ft,Six Basins Watermaster,CASGEM,,LosAngeles_04.21.2013-06.21.2013
341416N1176876W001,6BWM-2,4/27/2013,15:30,,,289.300,0.000,289.300,"1,845.630","1,845.980","1,556.330",289.650,TR - Electronic pressure transducer,0.01 Ft,Six Basins Watermaster,CASGEM,,LosAngeles_04.21.2013-06.21.2013
341416N1176876W001,6BWM-2,4/27/2013,15:45,,,288.000,0.000,288.000,"1,845.630","1,845.980","1,557.630",288.350,TR - Electronic pressure transducer,0.01 Ft,Six Basins Watermaster,CASGEM,,LosAngeles_04.21.2013-06.21.2013
341416N1176876W001,6BWM-2,4/28/2013,11:15,,,288.000,0.000,288.000,"1,845.630","1,845.980","1,557.630",288.350,TR - Electronic pressure transducer,0.01 Ft,Six Basins Watermaster,CASGEM,,LosAngeles_04.21.2013-06.21.2013
341416N1176876W001,6BWM-2,4/28/2013,11:30,,,286.700,0.000,286.700,"1,845.630","1,845.980","1,558.930",287.050,TR - Electronic pressure transducer,0.01 Ft,Six Basins Watermaster,CASGEM,,LosAngeles_04.21.2013-06.21.2013
341416N1176876W001,6BWM-2,4/28/2013,11:45,,,288.000,0.000,288.000,"1,845.630","1,845.980","1,557.630",288.350,TR - Electronic pressure transducer,0.01 Ft,Six Basins Watermaster,CASGEM,,LosAngeles_04.21.2013-06.21.2013
341416N1176876W001,6BWM-2,4/28/2013,14:15,,,288.000,0.000,288.000,"1,845.630","1,845.980","1,557.630",288.350,TR - Electronic pressure transducer,0.01 Ft,Six Basins Watermaster,CASGEM,,LosAngeles_04.21.2013-06.21.2013
341416N1176876W001,6BWM-2,4/28/2013,14:30,,,289.600,0.000,289.600,"1,845.630","1,845.980","1,556.030",289.950,TR - Electronic pressure transducer,0.01 Ft,Six Basins Watermaster,CASGEM,,LosAngeles_04.21.2013-06.21.2013
341416N1176876W001,6BWM-2,4/28/2013,14:45,,,288.100,0.000,288.100,"1,845.630","1,845.980","1,557.530",288.450,TR - Electronic pressure transducer,0.01 Ft,Six Basins Watermaster,CASGEM,,LosAngeles_04.21.2013-06.21.2013
341416N1176876W001,6BWM-2,4/29/2013,15:00,,,288.100,0.000,288.100,"1,845.630","1,845.980","1,557.530",288.450,TR - Electronic pressure transducer,0.01 Ft,Six Basins Watermaster,CASGEM,,LosAngeles_04.21.2013-06.21.2013
341416N1176876W001,6BWM-2,4/30/2013,15:15,,,288.000,0.000,288.000,"1,845.630","1,845.980","1,557.630",288.350,TR - Electronic pressure transducer,0.01 Ft,Six Basins Watermaster,CASGEM,,LosAngeles_04.21.2013-06.21.2013
